Unnamed: 0	title	comment	senta_article	senta_product
2331	[心得] 不能沒有你！smashbox，純真小臉修容粉！	被粉盒生火!!!可以單買粉盒嗎?XDD	positive	positive
387	[心得] Kate謎幻雙色眼影盤試色	好清楚的試色~推薦~但是沒推薦= =|||	positive	
1389	[心得] M.A.C 妝前乳液~~~好用阿~推薦?	漂亮	positive	
3422	[心得] Media新色腮紅，10色都摸到了！(終於)	至少有5色都想買....天阿	negative	
1675	[心得] Coastal Scents 24色高鑽烤瓷眼影盤	可以請問你買的是大約多少錢的呢?好生火啊~讓我也好心動><	neutral	
176	[心得] DIOR 光柔礦物水粉底 V.S. ALBION 夏日雪膚	光柔礦物水粉底真的很好用	positive	
384	[心得] Kate謎幻雙色眼影盤試色	沒錯..有隔開的只要有刷具照樣能混XD我是覺得這系列顯色度跟光澤都很好看,會想買一盤來試看看	positive	
405	[心得] LUNASOL 2010波光淨化#02光之舞姬	02真的很實用，我最近也都是上02居多	positive	
1539	"[心得] 騙很大之年度眼妝""慘""品"	白頭翁XDDDDD  笑倒	positive	
4407	[心得] 令人懷念的FF絲絨光眼影	我的回國前被我弄丟了 ><	neutral	
2845	[心得] 瞬間大眼的秘訣--眼線	不要畫內眼線比較健康喔還有黑色眼線要用咖啡色暈染掉的話可以直接用MJ咖啡色嗎? 很黑也很咖啡也滿自然的那這樣步驟就簡單多了~~~哈哈  的確是滿難戒掉的XD我朋友想要自然大眼，我跟他說用咖啡色她抵死不從耶   直說眼線就是要黑色的!害我的MJ咖啡色被唾棄在旁邊哭	neutral	
3516	[心得] ⊙__⊙!超防水腮紅。MUF HD漾彩腮紅霜。	我看我的瓶底應該是14號吧?我每次用也都是會大爆衝一下子擠出很多,讓我很無言!!而且不知道是不是我皮膚的問題,我每次上完腮紅雙把他推勻後,都會感覺粉粉的像是上不均勻一樣,到了下午更慘,簡直就是結塊在臉上:(有沒有人跟我一樣有這個困擾啊?希望能有解決之道,不然好浪費:(	neutral	
3795	[心得] Solone 眼線膠筆。終於買到金鑽黑了...	fino大這篇的眼影是擦山杜鵑嗎？真好看..	neutral	
2285	[心得] 男性修眉分享!不讓女生專美於前!	不安全刀片    XDDDD	neutral	
1945	[心得] JILL STUART-幸福花嫁限量品分享	本想朋友結婚賀禮，可是開賣隔天就賣光	negative	
3868	[心得] 2010第20屆美容展	買一般的導入一要三思阿！確定有用嘛我們系上醫療的要8千，才能真正導入皮膚裡面阿。便宜的導入儀療效根本達不到肌膚裡面。用了也是白用而且導入按摩方向不對，細紋會產生	negative	
1636	[心得] 【LUNASOL】波光浄化 眼影腮紅全試色	完了完了 要吃泡麵了 = =	neutral	
2656	[心得] 雙面雙眼皮貼-進階版:P	推薦！！ 好實用好心動喔^^	positive	
2906	[心得] Maybelline 快捷摩天濃防水睫毛膏	我會把隱形眼鏡拿下來用藥水洗搓一下就好了	neutral	
3624	[心得] 7款。卸眼唇(眼部卸妝液)小比較。	目前市面上也有出不含界面活性劑的眼部卸粧液。如果消費者越來越重視這部分的話，我想接下來會有更多品牌可選擇的。	negative	
1134	[心得] 蜜粉平均值	敏感話題很敏感了 所以叫我們不要碰她XDD如果手滑打翻了= =+ 應該很想自殺	neutral	
3662	[心得] 我的EXCEL產品使用紀錄	懶惰版是：產品買來直接拍照，期限什麼的都要拍到，檔名依購買日及價格建檔全部放同一檔案夾 以後看照查資料即可	negative	
3932	[心得] 第20屆世貿美容展Day2	朋友之前在花緹做過 東西都還不賴喔!我記得他會在各地市場出沒但我不知道價差多少囉	neutral	
3481	[心得] 好遮色! KATE 潤色裸唇膏 #BE-1	好燒!!有唇色深的人可以分享一下心得嗎 T口T	neutral	
611	[心得] Urban Decay Naked Palette※大地主的愛	哇!!真是推薦大的比較文,不推薦不行!!	positive	
1006	[心得] 蜜粉平均值	也換算了Kate蜜粉~雖然六克對我而言可以用很久~但一克要65囧以後會想買專櫃!!	negative	
3244	[心得]資生堂心機長效立體光粉霜UV(粉條)快速心得	請問粉條的質地跟遮瑕膏相比偏乾或稀？突然想起N年前的艷陽夏防曬粉條XDD	neutral	
4199	[心得] 我的2009年度十大彩妝~超leg版~	"哈哈 偷打網誌的時候就是沒法檢查XDD而且還忘了放網址..這故事告訴我們..""打網誌""要認真 (XDD)朵拉但我還是一直有來準時報到唷^^人參是故意的沒錯~~嗚~~我冷了嗎..^^|我知道120%也停產了~(嘆)所以我這篇是停產逸品大全~(誤)..大家好久不見~揮手;P還有人記得我好感動^^話說講到版聚...好像是不是可以再來辦一下了:p (偷提議)樓上AYURA達人給了我強心針^^本來有點怕最後一支屯貨快用完了呢^^|一年XDDD"	neutral	
3515	[心得] DIOR 癮誘映光唇彩 #427 (2010春新色!)	嗯...我覺得這顏色跟網誌裡的腮紅色不搭耶感覺整個人有點黯沉 有像以前裘海正在飛鷹三姝照片裡的妝感噗~我洩漏年齡了	negative	
514	[心得] 遲到的-我的絕版化妝品	推薦西喜~~	positive	
4208	[心得] 我的2009年度十大彩妝~超leg版~	是LAG吧XDD	negative	
3300	[心得] 又是CANMAKE!四色修容03	眼妝就是一般咖啡色+這盤暈出來的喔!	negative	
2276	[心得] 男性修眉分享!不讓女生專美於前!	CD Amail 日本經濟L行修眉刀他有分藍色(安全刀片)粉色(不安全刀片)哈 不知道要怎麼形容,就說是不安全刀片會幫男人修眉毛的是好女人！？我覺得不安全刀片很峰利,使用上藍色的不會比粉色的難用,不建議初學者拿粉色沒錯!粉色可以拿來當美工刀= =	neutral	
419	[心得] INTEGRATE彩虹甜心眼影盒#VI708	壓腮紅那個是跟壓粉餅作法一樣嗎??腮紅超美~原PO化紫色眼影也超美	neutral	
3004	[心得] 化妝品和保養品的小幫手!!	這個我也愛用:D	negative	
3387	[心得] Media新色腮紅，10色都摸到了！(終於)	今天帶刷具去全聯試RS2 很自然..不太顯色其實有點小失望呢....下次再去試OR1  哈	neutral	
4227	[心得] MaquillAGE美人心機2010S/S長效眼線筆	真的看不懂...	negative	
1262	[心得] 開架蜜粉=便宜?!	推薦推薦	positive	
1870	[心得] Lavshuca戀法迷棕眼彩盒BE-1	我已經買RD＆PK盤了，今天又默默把BE包回家，我這幾天都用RD色，持久又自然唷，我覺得我可能會買齊五盤><大家都喜歡PK嗎？我覺得RD-1更值得推薦ㄟ	neutral	
2823	[心得] 口紅一吃就掉色?	吃粉底液不如吃口紅(誤)	neutral	
2804	[心得] Revlon露華濃茶花美肌腮紅盒（瑩澤修容餅）	嗚~我沒看過(跑走)>__<	positive	
3066	[心得] 腮紅之我論--關於腮紅的博大精深	我也是不能刷笑肌的人,要刷到顴骨才可以	neutral	
2621	[心得] 六種防曬分享	妮維雅好用~不會乾澀	positive	
1166	[心得] 開架蜜粉=便宜?!	驚訝!	positive	
3231	[心得] 還蠻好用的！benefit萬眾矚目眼底膏！	看來還不錯用呢 不過等我的LEMON AID用完說不用又出新版了 (苦笑~)定	neutral	
945	[心得] 5個非買Nars Douceur腮紅不可的原因!!!!!	不知道顏色跟oasis有沒有重複到耶?　不然好心動喔>/////<	neutral	
2431	[心得] DR.WU 舒緩遮瑕BB霜	原po皮膚只是較泛紅吧,沒到失望臉啦	negative	
3064	[心得] 腮紅之我論--關於腮紅的博大精深	推薦一下 我都乖乖刷顴骨上（咦）	positive	
667	[心得] *AQUALABEL*保濕卸妝凝凍	不推薦 我用完也會用洗面乳再洗一次...但手也油膩洗不掉 超失望的	positive	
3705	[心得] 我有整數控之LA FEMME腮紅30色試色心得分享(上)	整個超推薦的!!!我也要來推薦下集XDD	positive	
623	[心得] 花王est Emotional Multiples Eyes 05	入手咖啡色＆藍色 粉質超細 不愧是貴婦牌	positive	
1219	[心得] 開架蜜粉=便宜?!	現在開架的唇膏價格也貴了 LAV新的唇膏1.6g要390元!!!換算起來LAV那款唇膏已經跟Dior舞台光價格差不多了!!	negative	
2844	[心得] 瞬間大眼的秘訣--眼線	"可以啊!我自己也有MJ咖啡色!:p不過我就算用咖啡色,還是會用眼影暈一下讓邊界看起來比較不明顯~我也知道內眼線不好,可是我受不了那條餘白對啊!所以就只能在化的時候畫少一點:p你剛剛說咖啡色讓我想到我應該多加這一句!因為我自己也愛用咖啡色眼線液~只是我要敎的朋友是買黑色,所以我就用黑色這點是真的!我的新手朋友們也都愛黑色他們覺得比較安全~殊不知自然的安全色是咖啡色!哈哈哈應該是一樣的意思吧?XD如果你只畫內眼線沒畫上眼線,那就是隱形啦好繞舌~哈哈哈剛剛也有網友留言問耶?是你嗎?XD我是戴帝康雙週變色片棕色不過要買這款要小心~我覺得品管不佳你可以在我網誌搜尋""帝康""就可以看到我之前遇到的窘境...其實就是自然的順著眼線收尖就可以了!多練幾次就可以拿捏好收尖的角度跟力道囉!帝康的還算便宜囉!可以戴戴看~"	neutral	
1312	[心得] 8枝睫毛膏PK戰 (KissMe.Integrate.MJ.媚比琳高跟鞋.Fasio..)	對阿！剛開始用很容易三根睫毛變兩根..	negative	
4390	[心得] 半乾的眼線膠復活	樓上是說ellefar睫毛膏稀釋液吧	negative	
343	[心得] integrate俐落極細眼線筆	那拿來畫畫好用嗎XD (糟糕我現在很少畫圖)(大推消失的眼線XDDD)我用了兩種眼線膠，沒用Q_Q KATE還是直接買下手的，嗚....我有寫出來呀:p 是maybelline對油眼人來說，這支真的只有畫在手上美Q.Q	neutral	
681	[心得] NARS #DOUCEUR	O_O!!我明天也要試!!	positive	
3839	[心得] 睫毛夾小技巧	阿阿阿 救星 我愛你 我每次都夾不到眼尾	neutral	positive
408	[心得] 限量香奈兒SOHO DE CHANEL	可以推V6嗎XDDDD	neutral	
4201	[心得] 我的2009年度十大彩妝~超leg版~	leg  ??	neutral	
4682	[心得] 真的一見傾心~只有我這麼誇張嗎	不是每個人都會經過忠孝復興站 然後看見那篇廣告啊......	negative	
3299	[心得] 又是CANMAKE!四色修容03	我的這盤被我用到一點不剩!!!!真的完全用光!!!!!!!!!!	negative	
3533	[心得] ⊙__⊙!超防水腮紅。MUF HD漾彩腮紅霜。	因為去海邊不一定會下水:p	neutral	
666	[心得] *AQUALABEL*保濕卸妝凝凍	天哪!還好我有先上來看評價，差點下手了	negative	
447	[心得] INTEGRATE彩虹甜心眼影盒#VI708	腮紅好美!!	positive	
4502	[心得] 搶救mac好乾的唇膏	我覺得不乾耶且唇蜜上去後還濕成一團	negative	
3574	[心得] MAC 柔礦冰淇淋腮紅 TWO VIRTUES	這顆好看，我有+1	positive	
2273	[心得] 男性修眉分享!不讓女生專美於前!	"不自然會不會是眉頭的關係呢?(修短點?)另外想請問安全跟不安全刀片除了""安全""以外還有哪些差別呢?(後者比較鋒利嗎?)"	neutral	
1669	[心得] INTEGRATE 容耀奇肌 礦物粉餅	我買了後也是送我媽,我用變黃臉黑人@@	negative	
2785	[心得] ZA 超微米 TISS 三款卸妝油	有看有推薦 謝謝~~	positive	
2508	[心得] Maybelline四色眼影盤--自然煙薰--	飛粉就好滅..	negative	
1485	[心得] 比88色更囂張，120色眼影盤試色！	WOW~	positive	
686	[心得] 中國大陸福建廈門&金門小三通彩妝採購	有賣XX鳥睫毛膏嗎-->我對這個很好奇	neutral	
275	[心得] 卸妝大作戰之蜜妮vs斯儂恩篇	斯儂恩化學味真的很重...	negative	
2274	[心得] 男性修眉分享!不讓女生專美於前!	只有我覺得有一咪咪的不自然嗎	neutral	
3074	[心得] 腮紅之我論--關於腮紅的博大精深	專業好文~~化妝迷思真是很多啦	positive	
604	[心得] Urban Decay Naked Palette※大地主的愛	好美的眼影盤唷  推薦了	positive	
1496	[心得] elite模色眼影盤-巴黎玫瑰3	原PO表情好經典喔~哈哈哈XD	positive	
2051	[心得] 韓國觀察記--韓妹的妝容打扮	韓妹的丸子頭都是小顆、隨興XD	neutral	
3887	[心得] ZA亮彩映色脣膏-4款顏色分享	看了好想要PK-1呀!!!!!!	positive	
613	[心得] Urban Decay Naked Palette※大地主的愛	炫耀文 ............. 〒△〒	positive	
1474	[心得] 比88色更囂張，120色眼影盤試色！	好像好像小學時候的水彩餅唷~~~	negative	
267	[心得] 卸妝大作戰之蜜妮vs斯儂恩篇	施巴感覺太油了 而且香味不喜歡:p蜜妮不喜歡的點應該是卸不乾淨的感覺吧而且會薰眼><平常只擦防水防曬SPF50 PA+++ 不太夠力聽說斯儂恩每個口味?用起來都差不多???	neutral	
4296	[心得] 看youtube達人必備單字集	推薦~~~	positive	
1396	[心得] M.A.C 妝前乳液~~~好用阿~推薦?	底妝確實會比較服貼，但有些人會爆粉刺耶@@我是買了之後看精華區才發現很多人說它雷~嚇得我只敢一個禮拜用一次XD	negative	
3930	[心得] 第20屆世貿美容展Day2	11頁!!好威~	positive	
4694	[心得] 真的一見傾心~只有我這麼誇張嗎	標題跟內容的敘述都很口語  所以才有人會看不懂	negative	
534	[心得] 燙睫毛 芭比娃娃燙	我有種過睫毛 我覺得很麻煩 因為卸妝不能用卸妝油 洗臉不能很大力 然後掉毛的時候 會很醜 唯一的好處是素顏的時候也不怕種睫毛對我這種懶人來講 不很適合 照料很花時間 而且我眼妝喜歡用卸妝油卸台中凱緹好像也會去那邊工作 要打電話問	negative	
2967	[心得] 露華濃香草精華口紅(含ZA鮭魚嫩粉比較)	好推薦喔!板上好像只有這篇心得文Orz	positive	
4446	[心得] 睫毛膏大車拼	怎麼不對～？推kate真的很好用XD	neutral	
717	[心得] 33色不是唯一解-66色唇彩盤試色(最終)	哇~辛苦了~推薦!!	positive	
2794	[心得] Revlon露華濃茶花美肌腮紅盒（瑩澤修容餅）	這個以前我有買 後來送人了 XD	neutral	
1998	[心得] 打敗我手中三支王牌睫毛膏的大創橡膠頭睫毛膏	我只能說還好我有看完~XD	negative	
4647	[心得]開架~專櫃 推薦給黃皮朋友8款顯白顯氣色唇膏	我測出來是冬天blue base可是怎麼看自己怎麼黃耶XD	negative	
4055	[心得]我的裸妝重點整理	完全不裸+1  妝感超明顯的啊...	negative	
4653	[心得] 我的省錢撇步：找到屬於自己的假睫毛!!	衝人氣?	neutral	
2539	[心得] 修修眉-我的修眉步驟&高挑眉、平緩眉	推薦少女時代(流口水XD)	positive	
480	[心得] Paul&Joe敗家	我想請問，這個牌子在國外是不是算開架阿?	neutral	
3703	[心得] 我有整數控之LA FEMME腮紅30色試色心得分享(上)	來改一下XD圖片有時間再來改XD 大家心照就好XD那你看了有滅火嗎XD 還是持續燃燒XDTO july22:一樣(淚握)根本就是看哪個名字喜歡買哪個就好了每篇寫十個的話 應該要三篇啦  會有中篇和下篇我知道  但是圖片沒辦法改了XD 等等文字再改	neutral	
4431	[心得] 八款粉底液大車拼以及色號分享	LM推薦+1~我現在也是用3D型塑保濕粉底液~^ ^	positive	
144	[心得] 小桃氣的lafemme腮紅-fuchsia	原PO好推薦~我都戀愛了	positive	
3169	[心得]瀝乾刷具的簡單方法 (內有影片介紹)	謝謝分享 還很用心的拍了影片呢	positive	
1397	[心得] M.A.C 妝前乳液~~~好用阿~推薦?	搭EL無暇絕配，但要冒爆發閉鎖粉刺林的險	negative	
1713	[心得] 大滿意！Lavshuca 戀法迷棕眼彩盒。	今天才忍住不買，現在好後悔〒△〒	negative	
748	[心得] 33色不是唯一解-66色唇彩盤試色(最終)	辛苦了~這次好多顏色都推薦看	positive	
2537	[心得] 修修眉-我的修眉步驟&高挑眉、平緩眉	修眉文必推薦！到現在修眉還是我的痛Q_Q	positive	
61	[心得] MJ戀愛魔鏡︰花錢找罪受的魅惑光感睫毛膏!!	我也推薦的~用了第二隻了!!	positive	
2170	[心得] 我的睫毛這樣夾	這不推薦不行XD	positive	
4054	[心得]我的裸妝重點整理	可是我覺得照片看起來不很「裸」	negative	
2037	[心得] 韓國觀察記--韓妹的妝容打扮	軍裝大叔那張照片的主題是什麼阿(目光完全被吸走 XD)	positive	
1554	"[心得] 騙很大之年度眼妝""慘""品"	哈哈哈哈哈推薦不祥的陰影和骨肉分離XDDDDD	positive	
1193	[心得] 開架蜜粉=便宜?!	推薦.....實用	positive	
4374	[心得] EZ 6D魔奏	我比好奇的是大家怎麼有耐心看完廣告且被生火？我也容易被購物台吸引,但從來也沒買過,我只是喜歡看他們在那邊演戲殺價,不過6D魔奏的廣告品質,坦白講,很差XD	neutral	
2553	[心得] 推薦nature kiss 天然潤色護唇膏	想看擦起來的照片!	negative	
664	[心得] *AQUALABEL*保濕卸妝凝凍	眼部的確還是要用專用的產品卸才能卸得乾淨又有效率,不過F不覺得油膩嗎?還是你有可以擊破油膩的大絕?XDDD保濕是真的值得嘉許,因為用完這個不馬上抹保養品也不會覺得臉很乾我也是卸完還會再用洗面乳,而且還是超微米那罐哩!我熱愛乾澀感耶XDDDDD(遮臉)C大是說試在手上那一段嗎?	neutral	
2196	[心得] 我的睫毛這樣夾	哦~~下班來試試	positive	
1723	[心得] 用刷的假睫毛 - Integrate 根根分揚睫毛膏	吞睫毛膏讓我笑了XDDDDDDD草泥馬？！那不是羊駝嗎...我一直想到某西嘶梗orz 對不起我好糟糕就請罰我抄草泥馬一百遍（喂）	neutral	
4308	[心得] 看youtube達人必備單字集	PUSH~!!!	positive	
4283	[心得] 看youtube達人必備單字集	我一直以為eye crease是眼窩耶因為看youtube他們在說上在crease時都是在眼窩那邊~http://0rz.tw/dtLJU  這個就是這樣http://0rz.tw/fpfgT 不過這個又不只在眼窩那邊也有在眼折...難道是他們折比較大...所以他們都會用在眼窩了嗎???	neutral	
3738	[心得] 我有整數控之LA FEMME腮紅30色試色心得分享(上)	很棒了！！FRAMBOESIA我一直都想買耶XD更燃推薦，我就是覺得他顏色很特別才喜歡XD	positive	
2516	[心得] 松本店長纖長款你好!!	沒錯,愈急著愈刷不好~~~~	negative	
3228	[心得] 無緣的FASIO光影戲法眼彩盒#BR-1北非迷金 極地夜藍#BL-2	我用也不飛粉 是難得我覺得好看的藍~	positive	
2112	[心得] CEZANNE 絲柔腮紅霜#01	文筆金促咪~~~不知道跟canmake比持久度如何?	neutral	
410	[心得] 限量香奈兒SOHO DE CHANEL	我也好愛小香的產品，這個真的會捨不得用	negative	
4156	[心得] 妙巴黎 果然美肌遮瑕膏	黑眼圈真的遮得掉嗎？	neutral	
2223	[心得] 我的睫毛這樣夾	感覺下手好重喔!好痛	negative	
2470	[心得] 露華濃冰淇淋粉霜	油肌推薦了！但目前還沒看到架上的試用品...想試色呀	positive	
3453	[心得] 當MJ遇上KISS ME 眼線液比一比	好用推薦~不暈又好卸	positive	
4167	[心得] 矮的台北後車站美材行之旅(2010版)	介紹的很詳細~~~推薦推薦	positive	
869	[心得] 33色不是唯一解-66色唇彩盤試色!!	很推薦了這各!!!	positive	
1406	[心得] M.A.C 妝前乳液~~~好用阿~推薦?	致粉刺+1 不好用哦	negative	
575	[心得] 遮詭異黑眼圈的敗家記錄..	所以~~是幻覺 XD原來不是我幻覺 想起來在櫃上櫃姐有先混眼霜進去 難怪不會乾  0 0	negative	
1622	[心得] 【LUNASOL】波光浄化 眼影腮紅全試色	日本8/20上市，差不多該開始宣傳了啊~	negative	
1382	[心得] M.A.C 妝前乳液~~~好用阿~推薦?	大驚!? 一直以為妳家瑪莉亞是真的瑪莉亞	neutral	
3376	[心得] 迪士尼公主*//美女與野獸*//貝兒仿妝	我覺得乍看之下有一點點點點像梁文音XDDD	negative	
1961	[心得] 改變黑色眼線的好幫手-美國E.L.F Eye Transformer	推薦 謝謝分享^^好推薦!!!	positive	
3241	[心得] INTEGRATE 容耀奇肌 礦物粧前霜	我也有買 也想失望	negative	
2727	[心得] 唇蜜救星！MAC隔離潤色護唇膏SPF20	恭喜上任!!!!!!!!!!!	positive	neutral
3454	[心得] 當MJ遇上KISS ME 眼線液比一比	我用夢思嬌會薰眼耶 用一次就不敢用了	negative	
3096	[心得] 腮紅之我論--關於腮紅的博大精深	推薦-//////-	positive	
3114	[心得] 深乾唇人多款護唇膏&唇蜜比較	你分享的就是花蕾膏~	positive	
2464	[心得] 露華濃冰淇淋粉霜	是擦在手上真的很乾 所以毛孔的話...	neutral	
1835	[心得] 用刷的假睫毛 - Integrate 根根分揚睫毛膏	好有趣的原PO~ 草尼馬好妙XD	positive	
2816	[心得] 口紅一吃就掉色?	粉底液能吃嗎? @@ 感覺吃到這個較可怕	neutral	
2962	[心得] 露華濃香草精華口紅(含ZA鮭魚嫩粉比較)	"這支和鮭魚我都有 可是我擦香草很明顯不是裸色，跟我紅吱吱的嘴巴顏色是一樣啦(難道這也是裸的一種><)鮭魚擦起來就是沒有氣色的那種""裸""對紅唇族來說 它類似護唇膏..(好貴呀)所以我建議嫌鮭魚很慘白淡唇色人用較好"	neutral	
2660	[心得] 日本花王Curel乾燥性敏感肌系列卸妝蜜 (大推！)	真的很好用很舒服，但只有我覺得眼線的部份卸不太乾淨嗎？我卸完上乳液後有用衛生紙或化妝棉擦過眼皮及眼下測試還是有一點黑黑的	neutral	
79	[心得] MJ戀愛魔鏡︰花錢找罪受的魅惑光感睫毛膏!!	我推薦用這枝的耶@@ 也剛囤了第二枝XD	positive	
2352	[心得] SOFINA Primavista粉底+零油光	想請問飾底乳+粉底液多少錢呢?謝謝^^	neutral	
3071	[心得] 腮紅之我論--關於腮紅的博大精深	我也覺得底妝和腮紅好難!喜歡修容和腮紅連成一氣 但總是做不到位..又會泛紅 唉~	neutral	
543	[心得] Beautymaker時尚刷具七件組小開箱心得~	orz只有我的刷毛有二隻被折到分叉~~推薦...	positive	
4035	[心得] MAC立體漸層腮紅。2010春季限量。Blush Ombre	9G很多了 一定可以傳給女兒...	positive	
3346	[心得] 膚蕊銀色BB霜	昨天剛買 還沒用過 感謝心得~~	positive	
122	[心得] 小桃氣的lafemme腮紅-fuchsia	很好看呢!! ^^	positive	positive
1451	[心得] 比88色更囂張，120色眼影盤試色！	XDD 國王的眼影	positive	
4200	[心得] 我的2009年度十大彩妝~超leg版~	lag???	neutral	
2905	[心得] Maybelline 快捷摩天濃防水睫毛膏	推薦原PO用心的好心得^^	positive	
4376	[心得] EZ 6D魔奏	有感覺年輕20歲嗎?	neutral	
4505	[心得] 搶救mac好乾的唇膏	我剛開始用不乾 可是大約四五個小時候就會開始脫皮	negative	
320	[心得] 眉筆抉擇大指南:Maybelline vs. Kate vs. Integrate	但我今天已經買英特鬼的眉粉了....	negative	
2997	[心得] 化妝品和保養品的小幫手!!	酒棉擦一擦就好了啦@@	positive	
2960	[心得] 露華濃香草精華口紅(含ZA鮭魚嫩粉比較)	我自己試在手上，感覺都偏紅~?好像沒有比較偏橘的顏色O_o	neutral	
1265	[心得] 開架蜜粉=便宜?!	大家都用不完CHACOTT 我用光兩罐耶XD我買兩罐不同的顏色調色上蜜粉是採取豪邁的大刷子狂刷兩罐差不多兩年吧 還混進了一罐awake30g的蜜粉 用刷子消耗比較快然後現在是倩碧混紀梵希用	negative	
3997	[心得] Maybelline超震電動睫毛膏 (&蘭蔻的震動睫毛膏比較)	我被網誌的fresh推薦了 囧 打算等等去買	positive	
830	[心得] 33色不是唯一解-66色唇彩盤試色!!	很推薦了我的媽 藍色揪竟會變怎樣XD	positive	
596	[心得] 蒂芬妮亞眼唇卸妝液新舊款比較	這個舊款我覺得也很用耶~比Loreal好卸 :))	positive	
2538	[心得] 修修眉-我的修眉步驟&高挑眉、平緩眉	對，隱形眼鏡很搶戲,朋友都以為是缺角	neutral	
354	[心得] MAYBELLINE 純淨礦物保濕兩用粉餅	艾杜莎20 不過應該可以用10 所以我才選PO1不過就是..我建議如果油出比較多一點還是用吸油面紙吸一下比較好 但可以不用補妝我上粉底之前是擦NOV的防曬霜這好像也是礦物的是嗎? 我覺得這兩種擦起來不太有負擔最近發現的確在汗水過多時有脫妝的傾向所以可能過段時間要用一下面紙或吸油面紙	neutral	
2183	[心得] 我的睫毛這樣夾	看起來好痛!! 囧	negative	
4700	[心得] 真的一見傾心~只有我這麼誇張嗎	………不懂	negative	
4654	[心得] 我的省錢撇步：找到屬於自己的假睫毛!!	被騙了QAQ那為什麼..要貼網誌呢??就寫純文字啊	neutral	
3500	[心得] 好遮色! KATE 潤色裸唇膏 #BE-1	我擦起來好像生病唇唷~~嗚嗚 不適合我耶	negative	
1434	[心得] 比88色更囂張，120色眼影盤試色！	好用心的心得文 辛苦了～ 不過看到王樣水彩有懷念一下小時候畫畫 哈～ 敘述很精闢	positive	
223	[心得] 今天的屈臣氏讓我殺很大！KATE新眼影上市啦！	果然是大頭寶寶XD	positive	
3934	[心得] 第20屆世貿美容展Day2	我朋友有買到假睫毛一大盒50元唷~	neutral	
4183	[心得] 矮的台北後車站美材行之旅(2010版)	有看有推薦唷~~~	positive	
1737	[心得] 用刷的假睫毛 - Integrate 根根分揚睫毛膏	這隻我也愛用～唯一有屯貨的睫毛膏 同意要乾一點才真正開始超好用	neutral	positive
4643	[心得] 我的標題是孤兒 O__Q怎麼都沒人回答我的?	以為沒回+1  不過版主真的用心喔^^~推薦	positive	
1505	[心得] elite模色眼影盤-巴黎玫瑰3	堅推薦地繼續試色好推薦  哈哈哈	positive	
1086	[心得] 蜜粉平均值	超感謝原PO!!!:)	positive	
1456	[心得] 比88色更囂張，120色眼影盤試色！	超認真又詳細的說明耶!!!好用心~	positive	
378	[心得] KRYOLAN 歌劇魅影 凝水光粉妝條	同意樓上	negative	
1969	[心得] 打敗我手中三支王牌睫毛膏的大創橡膠頭睫毛膏	以前買過MACFACTOR的是軟式刷頭 刷得很漂亮 又不結塊 但台灣沒賣	negative	
875	[心得] 33色不是唯一解-66色唇彩盤試色!!	超期待藍色~~XDDDDD	positive	
2497	[心得] Maybelline四色眼影盤--自然煙薰--	原PO底妝的妝感好好阿,可以請教化法嘛?	neutral	
3813	[心得] 妙巴黎果然美肌遮瑕膏 & Quealy 四色遮瑕膏	卡細紋+1	negative	
82	[心得] MJ戀愛魔鏡︰花錢找罪受的魅惑光感睫毛膏!!	總覺得這刷頭像詭異的昆蟲  買不下手 XD	negative	
691	[心得] 中國大陸福建廈門&金門小三通彩妝採購	大陸買日系及歐美系進口品牌都很貴建議所有保養化妝品在台灣買齊 省錢又合用去香港買也不見得比台灣便宜第一次看到開架變成大專櫃,也覺得很神奇都是貴到不行且選擇超少,櫃姐的妝很怪	negative	
2025	[心得] Lavshuca 2010春夏 戀色立體修容組&緋晶蜜潤唇膏 腮紅唇彩	唇彩怎麼辦 要買哪一支!!	negative	
3386	[心得] Media新色腮紅，10色都摸到了！(終於)	如果膚色健康哪色比較適合哩?  猶豫不決中	neutral	
196	[心得] 今天的屈臣氏讓我殺很大！KATE新眼影上市啦！	340跟235差了快一百??不是差一百多嗎XDD	neutral	
118	[心得] 好氣色新歡-Lavshuca戀色立體修容組	定價是360元唷~(我在康是美8折時下手的)哈哈~謝謝你~我乖~聽話收手哩!我家附近的也沒有XD 要跑到中山站附近買	positive	
3661	[心得] 我的EXCEL產品使用紀錄	以為是日本的彩妝品牌excelXD	positive	
1973	[心得] 打敗我手中三支王牌睫毛膏的大創橡膠頭睫毛膏	真的很可怕看標題以為.........XD	negative	
4051	[心得]我的裸妝重點整理	隔離霜跟妝前乳功能會不會很像??	neutral	
3456	[心得] 牙間刷的妙用-刷下睫毛	那是不是只能用一次阿?因為用了會不知道要把牙間刷收在那裡,有特殊的容器?	neutral	
3725	[心得] 我有整數控之LA FEMME腮紅30色試色心得分享(上)	"好想看喔 >""<"	positive	
2826	[心得] 戀愛魔鏡-新魔法之露眼線液VI606+35	我沒有很喜歡紫色也被升火我用br622兩支了 快三年都沒有分叉耶艾莉絲關筆蓋時有小心不要夾到刷毛嗎對了~~請問腮紅!!!	neutral	
1648	[心得] 【LUNASOL】波光浄化 眼影腮紅全試色	完了，體無完膚了我…	neutral	
4572	[心得] benefit修眉吧體驗記	因為這是第一次 所以比較痛(≧艸≦)	neutral	
3333	[心得] BOURJOIS 妙巴黎一筆勾炫眼線筆 #61黑 含妝容兒	鬍子	neutral	
1054	[心得] 蜜粉平均值	很扯了!也很推薦了囑~	positive	
627	[心得] Dior 光柔礦物水3D粉餅	請問控油嗎? 會不會黯沉?	neutral	
3245	[心得]資生堂心機長效立體光粉霜UV(粉條)快速心得	我還以為粉條都適合乾皮膚的用耶?XD	neutral	
3080	[心得] 腮紅之我論--關於腮紅的博大精深	推薦!	positive	
2353	[心得] SOFINA Primavista粉底+零油光	看到不出油就超心動...	positive	
2123	[心得] 我的睫毛這樣夾	右眼很順 但右手夾左眼很難往下 只有我嗎	neutral	
1426	[心得] 比88色更囂張，120色眼影盤試色！	原PO好認真(但是跟友人有心結嗎 XD)	neutral	
4692	[心得] 真的一見傾心~只有我這麼誇張嗎	看不懂又不是每個人都住台北完全是要點網誌才能知道在講什麼 = =	negative	
3423	[心得] 花王curel卸妝蜜+洗臉幕斯	希望curel快來台~不過這定價 會不會變專櫃貨啊	positive	
3388	[心得] Media新色腮紅，10色都摸到了！(終於)	台灣有上10色嗎?我要哭了好感動	neutral	
4706	[心得] 美容品展的商業道德	好過分!還好我都只買大攤位0.0....下次會注意期限的!謝謝分享!	positive	
3159	[心得] 用毛筆的筆捲晾乾刷具 v.s 橡皮筋 比較文	原po要不要改用包壽司的那種來捲？？那種的應該就不會褪色了....	neutral	
1984	[心得] 打敗我手中三支王牌睫毛膏的大創橡膠頭睫毛膏	笑炸我了XDDDDDDDDDD	positive	
4697	[心得] 真的一見傾心~只有我這麼誇張嗎	......==	negative	
2980	[心得] 露華濃香草精華口紅(含ZA鮭魚嫩粉比較)	就是顏色很少了~不然包裝很正點	positive	
4361	[心得] 幾種化妝工具分享(刮棒、挖勺、剪刀、調盤)	其實2跟3的工具在化工行買不用這麼貴~	negative	
396	[心得] CHARM COLOR 用不完的大地色眼影	原PO沒眼影看來清純推薦 上了有豔麗感哩	positive	
4512	[心得] 六款開架式護唇膏大評比	網誌字好小 T^T 看得好吃力...	negative	
222	[心得] 今天的屈臣氏讓我殺很大！KATE新眼影上市啦！	23盤用10年都用不完吧..	negative	
2861	[心得] 跟冰淇淋一樣香甜~Cold Stone 冰淇淋護唇膏!	好推薦哦  我也想換了 @@	positive	
117	[心得] 好氣色新歡-Lavshuca戀色立體修容組	好看~~~	positive	
2125	[心得] 我的睫毛這樣夾	請問往下夾還需要分三段夾嗎?還是夾根部?	neutral	
4246	[心得] 創造完美無瑕肌膚的秘密-混合的藝術	推薦 混合的藝術來自於廢物利用XD	positive	
298	[心得] 我的眾刷具們	好推薦!	positive	
2318	[心得] Cinema Secrets粉底+五色盤 使用+比色照	推薦用心 好認真！602 603偏紅可用痘疤推薦瑕 605-607黑眼圈推薦瑕	positive	
2988	[心得] 化妝品和保養品的小幫手!!	這樣很容易造成產品污染唷 就算瓶子已經消毒過了 因為在分裝的過程中都有接觸空氣 建議分裝少量就好  進快用完~	neutral	
2652	[心得] 雙面雙眼皮貼-進階版:P	一直在猶豫要買自由裁還是裁好的彰化哪裡有雙面的雙眼皮貼?^^	neutral	
734	[心得] 33色不是唯一解-66色唇彩盤試色(最終)	辛苦了！謝謝！	positive	
236	[心得] 今天的屈臣氏讓我殺很大！KATE新眼影上市啦！	推薦推薦	positive	
2050	[心得] 韓國觀察記--韓妹的妝容打扮	"剛剛重新整理一下，推薦有複製起來了！樓上的兩位先說sorry了>""<"	positive	
1019	[心得] 蜜粉平均值	好可怕的威力(抖   ...另外沒有丸竹+1	neutral	
657	[心得] JILL STUART 會員生日券相關說明	我可以偷問一下千名檔的意思嘛@@?這幾個組合很熟悉 但不知道是什麼@@	neutral	
2121	[心得] 我的睫毛這樣夾	我夾睫毛都是往下夾耶...原來大家都是往上夾?=口=	neutral	
1591	"[心得] 騙很大之年度眼妝""慘""品"	好笑又實在啦	positive	
4619	[心得] 我的標題是孤兒 O__Q怎麼都沒人回答我的?	版主真是用心＋精確，推薦推薦～	positive	
3163	[心得] 用毛筆的筆捲晾乾刷具 v.s 橡皮筋 比較文	筆捲是收納筆用的orz同等於化妝刷具的刷具套	negative	
2174	[心得] 我的睫毛這樣夾	壑@個！感謝分享！真的有效！	positive	
1578	"[心得] 騙很大之年度眼妝""慘""品"	推薦歡樂又實用!XDD	positive	
1502	[心得] elite模色眼影盤-巴黎玫瑰3	哈哈 最後一張表情很經典	positive	
2979	[心得] 露華濃香草精華口紅(含ZA鮭魚嫩粉比較)	我去逛小屈試到035想買卻賣光了 = =	neutral	
206	[心得] 今天的屈臣氏讓我殺很大！KATE新眼影上市啦！	我乍看第一張照片還以為是賣場的試用品orz.........實在很齊全了.....	negative	
2926	[心得] 妙巴黎果然美肌粉底液	請問原PO色號買多少呢?	neutral	
3679	[心得] 我的EXCEL產品使用紀錄	推薦!!	positive	
94	[心得] Media美芯極潤水粉餅(粉膚色)	大推薦!!XDDD  可是我這邊還買不到ˊˋ跑了兩家小屈一家康是美都沒有ˊˋ	positive	
4074	[心得]我的裸妝重點整理	底妝很裸但是修容很重~	negative	
4149	[心得] ZA輕透美肌光感粉底液-遮暇度高	我用羽透光毛孔會卡粉,ZA粉底液試用不會	negative	
1224	[心得] 開架蜜粉=便宜?!	"推薦~ 嚇到了 [email protected] 口@"""	positive	
2819	[心得] 口紅一吃就掉色?	把口紅顏色定在嘴唇上會比較不容易沈澱?怎麼想都是吃掉比較不容易阿@@??	neutral	
971	[心得] 大推「妙巴黎-果然美肌粉底液」	週年慶本來就要現在開始盤算啊!存錢!	negative	
3882	[心得] the Brush Guard 開箱!	看到讓我想到醫療彈性網狀紗布（最小號）	negative	
1728	[心得] 用刷的假睫毛 - Integrate 根根分揚睫毛膏	不是要拉回正題嗎~~快給笑死了	neutral	
2858	[心得] 跟冰淇淋一樣香甜~Cold Stone 冰淇淋護唇膏!	草苺美眉超粉嫩!!不過不知道是不是妳原本的唇色就這麼粉嫩呢??好想伸素唇圖~ :P	neutral	
2528	[心得] 試色~~希望是最後一篇的LA FEMME腮紅~~PART 3	很推薦了  不油得佩服 腮紅控真想跟你當朋友 哈哈	positive	
529	[心得] 燙睫毛 芭比娃娃燙	好想燙喔~~~	positive	
670	[心得] *AQUALABEL*保濕卸妝凝凍	難用+1 油死了簡直起笑!!幸好買旅行組	negative	
538	[心得] Beautymaker時尚刷具七件組小開箱心得~	請問PU跟PVC哪個材質比較好啊?買了粉色的PVC材質，不知道該不該換貨XD	neutral	
522	[心得] 遲到的-我的絕版化妝品	推薦西喜耶!!	positive	
780	[心得] 33色不是唯一解-66色唇彩盤試色(二)	很推薦啦！！	positive	
214	[心得] 今天的屈臣氏讓我殺很大！KATE新眼影上市啦！	好可怕的戰利品..	neutral	
420	[心得] INTEGRATE彩虹甜心眼影盒#VI708	紫色畫的超美!!!! 腮紅好酷XDD另外想請問這篇的睫毛膏是用哪隻呢^^	neutral	
3522	[心得] ⊙__⊙!超防水腮紅。MUF HD漾彩腮紅霜。	我也敗了 但力道的拿捏還欠佳 而且跟樓上的一樣，下午會結塊，很可怕..	negative	
1195	[心得] 開架蜜粉=便宜?!	都被開架的小包裝騙了 如果有專櫃的愛用款買專櫃蜜粉真的差很多	negative	
4477	[心得] 睫毛膏大車拼	被kate推薦+1  用心的好文一定要給推薦	positive	
4056	[心得]我的裸妝重點整理	很好看但是覺得很厚	positive	
2682	[心得] 日本花王Curel乾燥性敏感肌系列卸妝蜜 (大推！)	我是油肌洗完卻會繃+過敏:( 網拍貨不知是不是有效果	negative	
2325	[心得] Cinema Secrets粉底+五色盤 使用+比色照	好文!!!謝謝分享!!	positive	
2421	[心得] 很有光澤感的DR.WU BB霜!	請問一下 這款的顏色是偏深還是白呢	neutral	
2965	[心得] 露華濃香草精華口紅(含ZA鮭魚嫩粉比較)	"國外同款名稱是colorburst有興趣可以查一下心得 不過台灣近的顏色真的好少 =..=更正 ""進""的顏色"	neutral	
3650	[心得] 雪肌精極淬粉餅+雪肌精極淬潤色粧前乳	很詳細的心得~ 想請問試用品有香味嗎?	neutral	
2442	[心得] 一盤搞定！Kate立體百搭眼影盤(適合新手or攜帶用)	第二種畫法也很推薦耶  是之前沒想過的~謝謝fino的分享>///<	positive	
3232	[心得] 還蠻好用的！benefit萬眾矚目眼底膏！	看sephora大家對這隻的評價都是壓頭不好已經定了還沒收到好緊張!	negative	
1688	[心得] 大滿意！Lavshuca 戀法迷棕眼彩盒。	我想問BE跟BR要選哪個好?BE怕太淡,BR怕化髒	neutral	
350	[心得] integrate俐落極細眼線筆	跟原PO有同感,畫在手上很好畫,但畫在眼皮很難上色,而且一下子就暈開,眼妝看起來髒兮兮	negative	
2698	[心得] 唇蜜救星！MAC隔離潤色護唇膏SPF20	恭喜佐拉拉上任 夾柚 ~~~	positive	neutral
795	[心得] 33色不是唯一解-66色唇彩盤試色(二)	一直在推薦啊~~~	positive	
2245	[心得] 我的睫毛這樣夾	真的好推薦 這樣夾像燙的一樣XDDDDDD	positive	
2634	[心得] LANCOME 絕對完美唇膏-升級版 #395	查無此篇文章！??看到了~^Q^  感覺唇膏非常滋潤	neutral	
215	[心得] 今天的屈臣氏讓我殺很大！KATE新眼影上市啦！	我一點進去 差點像海尼根廣告一樣大叫全包的人真的好瘋狂!!!	neutral	
4322	[心得] 看youtube達人必備單字集	你真是很推薦了 受用無窮  謝謝!	positive	
1811	[心得] 用刷的假睫毛 - Integrate 根根分揚睫毛膏	乾咪咪那邊讓我笑翻了XD 推薦推薦!!	positive	
3170	[心得]瀝乾刷具的簡單方法 (內有影片介紹)	我有問題~     我一直覺得刷具跟毛筆很像那有沒有人試過用晾毛筆的方式晾刷具呢?	neutral	
3	[心得] hello kitty X 媚比琳睫毛膏	用了失望...這隻無嘴貓真重看不重用=皿=	negative	
4125	[心得] 好評蜜粉進化版。CHACOTT 高解析保濕蜜粉	我好想...看fino的全臉>////<是雪姬!雪姬耶!雪姬我喜歡你!!(趁亂告白	positive	
4676	[心得] 真的一見傾心~只有我這麼誇張嗎	如果是直接把網誌無圖片貼過來會較清楚	negative	
4684	[心得] 真的一見傾心~只有我這麼誇張嗎	http://tinyurl.com/6rr838f  JT排版原PO Sry...連男生的我都無法接受這排版	negative	
4516	[心得] 雙頭刷具 懸空放!	"要改什麼標題阿?我說的厚紙板 其實是卡紙啦!(已更正)應觀眾要求 標題改成""心得"",其實我不知道要選哪個標題?把吸管改成橫著釘 就變成騰空晾刷具"	neutral	
4595	[心得] 我的標題是孤兒 O__Q怎麼都沒人回答我的?	用心又可愛的文啊!! 標題真的很重要呢^^	neutral	
52	[心得] MJ戀愛魔鏡︰花錢找罪受的魅惑光感睫毛膏!!	我覺得這隻超超超好刷的！！！推薦用！@@	positive	
2379	[心得] CINEMA SECRETS晶透長效無瑕粉底	好用心的心得 看CS很久了 但是敗在需要濕擦這點上  非常在意防曬打折扣的人<------	positive	
3518	[心得] ⊙__⊙!超防水腮紅。MUF HD漾彩腮紅霜。	"大生火!!想請這樣的話好卸嗎??不知道哪種色號接近羅莉控的顏色呢??請問樓上14號是蘿莉色嗎?^^""我今天去櫃上試,4號很蘿莉耶~想請問ilac大是用HD專用海綿嗎?我在考慮要不要跟專用海綿一起買...不知道值得嗎"	neutral	
524	[心得] 遲到的-我的絕版化妝品	VISEE眼線筆好好用 還好我買了3色 ^^	positive	
4633	[心得] 我的標題是孤兒 O__Q怎麼都沒人回答我的?	GOOD	positive	
2225	[心得] 我的睫毛這樣夾	會不會把睫毛扯下來呀！(怕怕)	negative	
1258	[心得] 開架蜜粉=便宜?!	給你大推薦!!認真的原po	positive	
3213	[心得] KATE 潤色裸唇膏BE-1 (跟za鮭魚比較)	kate不上護脣膏沒辦法擦，za可以，話說我正在吃真的鮭魚，但鮭魚嫩粉我買不到	negative	
4670	[心得] 真的一見傾心~只有我這麼誇張嗎	完全看不懂....這到底是什麼?拜託誰來告訴我一見傾心是什麼!!!	negative	
3479	[心得] 發現疑似嬌蘭假貨的蹤跡...	推薦原PO用心!!!!!	positive	
78	[心得] MJ戀愛魔鏡︰花錢找罪受的魅惑光感睫毛膏!!	這支我用了快半年還是很濕orz感覺上雖然不很糟，可是喜歡根根分明的我不是很滿意orz 比較喜歡之前的濃密款	negative	
238	[心得] 今天的屈臣氏讓我殺很大！KATE新眼影上市啦！	KATE好漂亮喔...	positive	
2448	[心得] Cezanne T-zone Mat毛孔修飾霜	這是擦在T字部位原PO拿來擦眼皮的意思嗎?好妙的用法~  讓我生火了~~~	positive	positive
1330	[心得] Burberry 粉餅火熱開箱文	粉盒很正了  很有質感  >////<	positive	
2807	[心得] Revlon露華濃茶花美肌腮紅盒（瑩澤修容餅）	60好便宜啊..雖過期.但粉質的沒差啦~	negative	
1587	"[心得] 騙很大之年度眼妝""慘""品"	看慣推薦文 看到這種慘文真是爽阿 推薦	positive	
3845	[心得] 我的化妝包必備-日本小物:髒污清潔紙巾	那到底是台灣還是日本的711?	neutral	
994	[心得] 蜜粉平均值	不知道哪一款最控油？	neutral	
253	[心得] 今天的屈臣氏讓我殺很大！KATE新眼影上市啦！	我還以為這是KATE倉庫補貨區拍的...	negative	
3264	"[心得] 山寨版""Brush Guard""-隔離網 (收納刷具)"	哈哈!真的有像耶!再長一點但是CVS雙頭刷怎麼塞啊?	neutral	
3225	[心得] 無緣的FASIO光影戲法眼彩盒#BR-1北非迷金 極地夜藍#BL-2	對，極地夜藍真的美，可惜飛粉..那加個打底類的，應該能改善飛粉吧(？)XDO大..可能我手氣好，買到會飛的XD？是我要求太嚴苛嗎XDrz但極地夜藍是我買過開架最美的藍倒是真的	neutral	
537	[心得] Beautymaker時尚刷具七件組小開箱心得~	請問要在哪裡買阿@@我有點進KEVIE的網站可是沒有找到可以購買的選項@@	neutral	
1381	[心得] M.A.C 妝前乳液~~~好用阿~推薦?	請問會致粉刺痘痘嗎 我之前用mac其他款都會	neutral	
2512	[心得] 松本店長纖長款你好!!	"我之前想急著刷好,結果都會糊成一片=""""=可是其實應該也可以用它牌看看~老實說F牌卸眼唇的 我覺得效果還好ˊˋ"	positive	
3257	[心得]資生堂心機長效立體光粉霜UV(粉條)快速心得	我記得價錢是1100耶...	negative	
4037	[心得] MAC立體漸層腮紅。2010春季限量。Blush Ombre	推薦了 (轟)	positive	
2047	[心得] 韓國觀察記--韓妹的妝容打扮	預告圖好正+1	positive	
972	[心得] 大推「妙巴黎-果然美肌粉底液」	這個排版讀起來心情也很好XD	positive	
1748	[心得] 用刷的假睫毛 - Integrate 根根分揚睫毛膏	我被草泥馬笑鼠了...(~^O^~)	positive	neutral
1911	[心得] 應徵歌劇魅影專櫃人員歷程	時間短很重要,除了客人很多之外,還要考慮到客人的心情.很多客人是討厭被慢慢試妝的~客人的時間也是金錢唷而且椅子坐40分鐘屁股就開始痛啦所以除非確認過客人有一個小時的空檔而且這一小時她願意給你慢慢服務不然把時間控制得短些會比較好XD	negative	
1885	[心得] Lavshuca戀法迷棕眼彩盒BE-1	天哪~除了RD和OR外又對另一盤心動了QQ	negative	
2126	[心得] 我的睫毛這樣夾	原來!!之前去RMK試用睫毛夾時 心理還咒念櫃哥拉扯我的睫毛 原來是有效果的!!難怪我買回來效果變差...(我的手終於可以不痠了)痾 我剛去試了 夾不翹耶 只有我這樣嗎?	neutral	
700	[心得] 中國大陸福建廈門&金門小三通彩妝採購	上海那邊開架跟專櫃都比台灣還貴阿><似乎因為進口稅課很重的緣故..價錢大概是台灣的1.3倍以上的售價........	negative	
2197	[心得] 我的睫毛這樣夾	我都是往下夾耶 我的也是RMK 原來大家都往上夾 XD	positive	
4686	[心得] 真的一見傾心~只有我這麼誇張嗎	看不懂= = 沒有品名斷句錯字都讓人看得很辛苦......	negative	
2993	[心得] 化妝品和保養品的小幫手!!	75%才能達到消毒作用喔 95%是乾糙	neutral	
3830	[心得] 睫毛夾小技巧	好棒的方法!!推薦一個!!!	positive	
859	[心得] 33色不是唯一解-66色唇彩盤試色!!	大推薦~辛苦了	positive	
708	[心得] 怎麼用剛梳刷出根根分明的長睫毛	謝謝分享	positive	
2095	[心得] 歐舒丹夏妝眼影+唇膏	應該是品牌形象推薦調他是自然吧...所以跟一般彩妝會有效果別，至於粉餅的話香港有賣喔只是我夏天託同事買的到現在還沒用XD	positive	
2343	[心得] 不能沒有你！smashbox，純真小臉修容粉！	看到蛋出場笑了  XD	neutral	
1176	[心得] 開架蜜粉=便宜?!	想當年我就是這樣算了之後很多牌子都買專櫃的了	negative	
1151	[心得] Visee秋妝+mac夏妝礦物水洗系列初試	被MAC腮紅推薦到~~	positive	
1899	[心得] 應徵歌劇魅影專櫃人員歷程	是櫃哥呢～！	neutral	
920	[心得] 各種防曬品使用心得	我知道這方法...可是我沒有噴水的老牛兩種都有用過...所以我只好作這種~	negative	
907	[心得] 33色不是唯一解-66色唇彩盤試色!!	推薦一個!橘色的都好像推薦!想看藍色的XD	positive	
4190	[心得] 矮的台北後車站美材行之旅(2010版)	現在六福也有opi了歐	positive	
2586	[心得] 關於粉盒（粉餅盒）相容	請問大創粉盒裝得下資生堂開價的粉餅嗎？	neutral	
1947	[心得] JILL STUART-幸福花嫁限量品分享	我很好奇為什麼手拿鏡的保存期限只有5年耶	negative	
1425	[心得] 比88色更囂張，120色眼影盤試色！	有水果刀耶~是比例尺嗎?	neutral	
2106	[心得] Loreal完美淨白光采珍珠粉餅	文章不存在??	neutral	
3120	[心得] 深乾唇人多款護唇膏&唇蜜比較	謝謝分享 嘴唇很美^^	positive	
2259	[心得] Maybelline 媚比琳。純淨礦物腮紅(鬆粉式.開架)	請問那個刷子 一般的腮紅也可以用嗎??	neutral	
24	[心得] Ayu代言的Rimmel眼影-前所未有的新觸感	"希望台灣會引進吶~~>""<"	neutral	positive
1369	[心得] 這是不專業的21樣大創彩妝心得文	http://www.daiso.com.tw/retail.php門市據點	positive	
1423	[心得] MEZAIK＊超好用的雙眼皮膠（纖維型）	我覺得這種膠條好貴又容易失敗ORZ	negative	
2108	[心得] Loreal完美淨白光采珍珠粉餅	網址我進不去@@	negative	
1495	[心得] elite模色眼影盤-巴黎玫瑰3	原PO好推薦XDDD	positive	
4642	[心得] 我的標題是孤兒 O__Q怎麼都沒人回答我的?	推薦~~~ 版主辛苦囉。 ^^	positive	
2773	[心得] 霧面的橘子→Gina。NARS 炫色腮紅。	才剛看完妳網誌~~~	neutral	
1113	[心得] 蜜粉平均值	謝謝你！！！！大推薦大推薦～～	positive	
4685	[心得] 真的一見傾心~只有我這麼誇張嗎	正妹的教育內涵...也不能等囧	negative	
3220	[心得] KATE 潤色裸唇膏BE-1 (跟za鮭魚比較)	我也覺得kate推薦但乾.疊上護脣蜜效果很好	positive	
200	[心得] 今天的屈臣氏讓我殺很大！KATE新眼影上市啦！	太強大了!!! 這應該是用不完吧?	neutral	
3003	[心得] 化妝品和保養品的小幫手!!	這樣很容易造成二次或多次污染..化粧保養品都要避光保存喔!蒸餾水:95%酒精=2:1  就可以稀成75%的	neutral	
1771	[心得] 用刷的假睫毛 - Integrate 根根分揚睫毛膏	第一次看心得文，邊看邊笑，原PO很搞笑睫毛真的根根分明耶	positive	
1580	"[心得] 騙很大之年度眼妝""慘""品"	英特鬼眼影咖啡色+紫色我都有買說只是要再自己加眼線orz	positive	
661	[心得] JILL STUART 會員生日券相關說明	P&J台灣代理商很黑心，會員權利、生日禮券等等條件再好，我也都不會買	negative	
4510	[心得] 六款開架式護唇膏大評比	容易脫皮的用1脫更大可能我不適合用硬管的 都用軟管較多	negative	
1615	[心得] 【LUNASOL】波光浄化 眼影腮紅全試色	02超美~我決定要把準備拿去買好幾盒開架Lav的錢省下來..好好去敗Lunasol一番..請問h大,02的眼線色夠深嗎?會不會很嚴重偏紅?謝謝h大~感恩~我還是忍住最近想買的開架眼影集中火力在lunasol 02好了..真開心^^	neutral	
3633	[心得] DHC男性清爽防曬乳好控油	想請問這款防曬會泛白嗎??	neutral	
3732	[心得] 我有整數控之LA FEMME腮紅30色試色心得分享(上)	大推薦  推薦~~	positive	
3608	[心得] 7款。卸眼唇(眼部卸妝液)小比較。	推薦 謝謝分享^^	positive	
3214	[心得] KATE 潤色裸唇膏BE-1 (跟za鮭魚比較)	對我來說都很乾...KATE更乾一點...	negative	
1628	[心得] 【LUNASOL】波光浄化 眼影腮紅全試色	推薦看完試色還是全都很滿意...	positive	
2428	[心得] DR.WU 舒緩遮瑕BB霜	挖  好推薦 :D	positive	
1616	[心得] 【LUNASOL】波光浄化 眼影腮紅全試色	好像知道02和04是偏暖還是偏冷?1234都好燒.5對我來說好像太暖太紅了謝謝阿珞小姐 ^^	neutral	
3306	[心得] 又是CANMAKE!四色修容03	眼妝乾淨又很好看喔...	positive	
3651	[心得] 雪肌精極淬粉餅+雪肌精極淬潤色粧前乳	我覺得粉餅和飾底乳有極粹雪肌精的味道	negative	
1690	[心得] 大滿意！Lavshuca 戀法迷棕眼彩盒。	今天敗了橘色 覺得比KATE的好看好搭	positive	
2630	[心得] 六種防曬分享	biore含水~我建議邊擦邊吹電風扇~有酒精味	negative	
1160	[心得] 開架蜜粉=便宜?!	請問CHACOTT要去哪裡買阿?心動>///<	neutral	
2631	[心得] 六種防曬分享	用心推薦~	positive	
933	[心得] 各種防曬品使用心得	蜜妮真的會曬黑 而且超不防水的去小琉球曬了兩節...	negative	
237	[心得] 今天的屈臣氏讓我殺很大！KATE新眼影上市啦！	超推薦大XD	positive	
3254	[心得]資生堂心機長效立體光粉霜UV(粉條)快速心得	可是我試用了之後發現會暗沉..(混合偏油)	negative	
342	[心得] integrate俐落極細眼線筆	油眼皮人試試看眼線膠吧XDD我記得有一次忘了自己有化妝 瘋狂的揉眼睛 然後眼線完好如初 囧!!KATE版上評價不好耶 另一種是啥阿?囧囧~~不好意思阿原PO我眼殘了XDD	neutral	
3539	[心得] ⊙__⊙!超防水腮紅。MUF HD漾彩腮紅霜。	我買母親節檔期的時候 有在櫃上玩這款..不小心擠了一大坨在手上 囧囧	negative	
1993	[心得] 打敗我手中三支王牌睫毛膏的大創橡膠頭睫毛膏	XDDDD還好沒有看了標題馬上去買.....	negative	
3247	[心得]資生堂心機長效立體光粉霜UV(粉條)快速心得	觀察一陣子後能再來報告嗎?我還沒被滅到XDD   感謝分享:)會暗沉喔...那滅一半 囧(我就是因為現在用的粉底液會暗沉才想換的啊Q口Q)	neutral	
3504	[心得] 好遮色! KATE 潤色裸唇膏 #BE-1	想取代鮭魚嫩粉的話建議試試KATE BE-2是我比較過顏色最像的:)	negative	
2758	[心得] LANCOME L' Absolu Rouge Gold Edition	那個...深藍色的字幾乎看不見耶...	negative	
1900	[心得] 應徵歌劇魅影專櫃人員歷程	不過我覺得就算妝為了化乾淨要很久的時間不太好，尤其是以歌劇魅影來說，我去過很多個歌劇魅影的櫃學習彩妝，不管是櫃哥櫃姐櫃長或是總公司派過來的彩妝師彩妝教學師，一個乾淨的底妝+眼唇妝他們大部份都會把total的時間控制在30-40分鐘(還是有邊化邊講解的情況下)，想一想也對，總不能一個半小時才幫客人完妝，一個櫃才多少人員，一天卻有多少人在櫃上來來去去，這樣一個櫃一天可以做多少人的生意？所以考官說要控制時間，是真的要控制，當然，精緻度也是很重要的啦:)不過兩個都很重要是真的我沒有激動啦XD我現在頂多為了世足激動XD	neutral	
2426	[心得] DR.WU 舒緩遮瑕BB霜	看起來像修片一樣 可以考慮買一下	negative	
4188	[心得] 矮的台北後車站美材行之旅(2010版)	推薦	positive	
1996	[心得] 打敗我手中三支王牌睫毛膏的大創橡膠頭睫毛膏	也很可怕了.....	negative	
1939	[心得] JILL STUART-幸福花嫁限量品分享	推薦~超用心的分享^^	positive	
730	[心得] 33色不是唯一解-66色唇彩盤試色(最終)	翻白眼我大笑了XDDD	positive	
2124	[心得] 我的睫毛這樣夾	不是本來就往下嗎 往上夾好怪	neutral	
987	[心得] 大推「妙巴黎-果然美肌粉底液」	不曉得油肌是不適合~ 推薦推薦推薦	positive	
1239	[心得] 開架蜜粉=便宜?!	推薦推薦~!好驚人阿~~	positive	
1122	[心得] 蜜粉平均值	REVLON 竟然好貴阿!!!我下巴掉下來了	neutral	
1921	[心得] 應徵歌劇魅影專櫃人員歷程	推薦 歐美櫃比較有不是想站就能站的感覺	positive	
3948	[心得] cinema secrets刷具清潔液洗伸縮刷	哈哈哈!!!對喔!!!因為當初我住美國,衛生紙其實是面紙,所以不會有卸卸XD 趕快來改濕紙巾這招好妙!!下次我也要來試試看^O^	positive	
359	[心得] MAYBELLINE 純淨礦物保濕兩用粉餅	看了寶拉的書，他說有玉米澱粉就會致痘澱粉類是拿來吸油的，成份表要注意一下	negative	
2550	[心得] 推薦nature kiss 天然潤色護唇膏	它包裝是仿DHC的嗎?XDDDDDDDDD	neutral	
2569	[心得] 香奈兒超炫耀修護唇釉小試色及基本唇部打底分享	我覺得你的嘴唇比較需要加厚不是變薄~	neutral	
2028	[心得] Lavshuca 2010春夏 戀色立體修容組&緋晶蜜潤唇膏 腮紅唇彩	超用心~!!! 唇膏真的很過分了XD	positive	
394	[心得] Kate謎幻雙色眼影盤試色	好失望阿 好文~~科科	negative	
3962	[心得] 品木宣言渾然天澄亮白隔離乳	感謝分享>//////<	positive	
2583	[心得] 在大陸(北京)可以買到的台灣開架產品	我也在北京小住過 進口貨課稅重所以很貴當地產的東西我又不想買XD我還是建議在台灣就買好 不要去當地買	neutral	
1383	[心得] M.A.C 妝前乳液~~~好用阿~推薦?	視康的雙周拋~冰山灰^^我目前沒長痘呢@@~~	neutral	
4098	[心得] 我的開架式眼彩盤們（KATE、INTEGRATE、media、Lavshuca）	我也有天然杏跟粉鑽 天然杏是讓我覺得一堆亮片又不顯色 一直搞不定他	negative	
4665	[心得] 真的一見傾心~只有我這麼誇張嗎	??波蓁是什麼?	neutral	
324	[心得] Fasio 華麗晶燦眼影盒 Pk-3 試色小心得	可以請問原PO在這篇文章中戴的咖啡色放大片是什麼牌子的嗎???謝謝喔:D	neutral	
2440	[心得] 一盤搞定！Kate立體百搭眼影盤(適合新手or攜帶用)	買來送給要畢業的學姊感覺很適合耶:D	positive	
2792	[心得] Revlon露華濃茶花美肌腮紅盒（瑩澤修容餅）	這款應該不是matte powder blush,台灣賣這款時美國還沒出matte的,且茶花是無亮粉的~	neutral	
3649	[心得] 雪肌精極淬粉餅+雪肌精極淬潤色粧前乳	"我想平反一下 我是乾肌 有用妝前乳會出油但用我自己的妝前乳+雪肌粉餅還滿OK的喔最近都一臉擦雪肌一臉擦丰靡春夏款不過兩個色號不一樣我一直比不出結果>""<順便問 雪肌粉餅試用品色號是??"	neutral	
3061	[心得] 腮紅之我論--關於腮紅的博大精深	我也是亂畫 笑肌到底在哪???	neutral	
1347	[心得] Burberry 粉餅火熱開箱文	最喜歡看這種少見彩妝品的分享文了 推薦!!!	positive	neutral
2166	[心得] 我的睫毛這樣夾	用貝印夾也很翹耶>.<	positive	
2283	[心得] 男性修眉分享!不讓女生專美於前!	"我今天被不安全刀片割到手...爆血Q皿Q"""	neutral	
1402	[心得] M.A.C 妝前乳液~~~好用阿~推薦?	我用這款會長痘...	negative	
3002	[心得] 化妝品和保養品的小幫手!!	消毒器械可以用95%的~皮膚不行喔	neutral	
164	[心得] 如果我跟衛生紙一樣白--6款Lunassol試畫	這個分享好推薦唷	positive	
1279	[心得] 開架蜜粉=便宜?!	推薦~ 我也覺得開架其實很貴@@!	positive	
3772	[心得] 六款共八色的開架/日系染眉膏介紹	推薦kiss me的好用~	positive	
268	[心得] 卸妝大作戰之蜜妮vs斯儂恩篇	DOVE的如何@@?現在寶雅買一送一...	neutral	
2828	[心得] 戀愛魔鏡-新魔法之露眼線液VI606+35	"我也好猶豫~~比較推深紫還是淺紫呢兩隻都買太貴了>""<"	neutral	
720	[心得] 33色不是唯一解-66色唇彩盤試色(最終)	不得不給個推薦	positive	
4094	[心得] 我的開架式眼彩盤們（KATE、INTEGRATE、media、Lavshuca）	垃圾桶耶  好可惜  .....	negative	
3063	[心得] 腮紅之我論--關於腮紅的博大精深	很多真的是要實際摸到才知道呢~	neutral	
4059	[心得]我的裸妝重點整理	看起來像是偏攝影棚妝，拍起來會很裸，日常妝修容下手輕點就好啦^^感謝分享，不過model條件真的超好Orz望塵莫及	positive	
1823	[心得] 用刷的假睫毛 - Integrate 根根分揚睫毛膏	看原po介紹超有趣的拉XDDDDDDDDDDDDD	positive	
422	[心得] INTEGRATE彩虹甜心眼影盒#VI708	"腮紅好酷~!我也想知道怎麼用!!我想知道要用什麼""打碎""@@? 用手指?用...?"	neutral	
3133	[心得] 我的遮瑕血淚之路(Kevin/BB/MUF/canmake/大創/露華濃)	我的黑眼圈跟你應該一樣深><我覺得LM推薦用,只是有點貴開架的媚比琳還推薦	positive	
356	[心得] MAYBELLINE 純淨礦物保濕兩用粉餅	玉米澱粉不會致痘，是痘痘肌不適合使用玉米澱粉，換一種說法意思差很多...= =	negative	
1987	[心得] 打敗我手中三支王牌睫毛膏的大創橡膠頭睫毛膏	差點去敗+1	negative	
3489	[心得] 好遮色! KATE 潤色裸唇膏 #BE-1	!!!!生大推薦啊!!!	positive	
4041	[心得] MAC立體漸層腮紅。2010春季限量。Blush Ombre	...我明天要衝信三說...希望rp還有貨阿信三的rp缺貨了Q口Q 聽說三月初還會進一點唉....不知道搶不搶的到...ˊˋ	negative	
2237	[心得] 我的睫毛這樣夾	真的有更翹！推薦！感謝分享(資生堂睫毛夾)	positive	
2133	[心得] 我的睫毛這樣夾	我也是用JILL STUART  向下夾比較翹耶!!用了快一年...常常夾到眼皮 還想說難用...	positive	
4114	[心得] 好評蜜粉進化版。CHACOTT 高解析保濕蜜粉	請問毛孔粗大的適合用這款嗎??^^謝謝!!	neutral	
370	[心得] KRYOLAN 歌劇魅影 凝水光粉妝條	想起用了5年還用不完的TV粉條...Orz	negative	
2606	[心得] 夢幻逸品之Giorgio Armani漂染腮紅盒#2	我還沒存夠錢 可是我不要亮面包裝 Q.Q	negative	
2592	[心得] 關於粉盒（粉餅盒）相容	ZA就是跟資生唐都不合	neutral	
4599	[心得] 我的標題是孤兒 O__Q怎麼都沒人回答我的?	@@	negative	
3442	[心得] 日本花王Curel 隔離霜 SPF25 PA++	推薦~這次去日本可以找看看	positive	
580	[心得] 蒂芬妮亞眼唇卸妝液新舊款比較	新款真的不燻眼 比舊款好用呢	neutral	
4564	[心得] BB美妝蛋~~不過就是一顆蛋??	看全美超模大賽時，裡面彩妝師用這顆蛋它的底妝效果真的推薦，很清透服貼	positive	
2686	[心得] 唇蜜救星！MAC隔離潤色護唇膏SPF20	有版主有版主~~快桶它快捅他快桶它快捅他快桶它快捅他前版主群願意回任嗎 Q________________Q不然佐拉也太辛苦了....	neutral	
4142	[心得] ZA輕透美肌光感粉底液-遮暇度高	我用這瓶鼻翼和嘴角會卡粉脫皮的感覺,所以要推薦的很快	positive	
1276	[心得] 開架蜜粉=便宜?!	有驚訝到!!推薦認真!	positive	
4078	[心得]我的裸妝重點整理	"我看完還想說""對照圖""在哪 [email protected] @"	positive	
4317	[心得] 看youtube達人必備單字集	哇!!!真的好用心唷!!!!大推薦大推薦大推薦	positive	
3974	[心得] cinema secrets 好萊塢的秘密 晶透無瑕粉底五色盤	蓋子斷了+1...開不到5次!!!	negative	
1220	[心得] 開架蜜粉=便宜?!	推薦用心	positive	
2617	[心得] 六種防曬分享	CHIC第一張圖我嚇到，以為是鳥屎 =.,=	neutral	
2570	[心得] 在大陸(北京)可以買到的台灣開架產品	為什麼一律只會看到SPF30的防曬 ?好好奇喔	neutral	
2833	[心得] 戀愛魔鏡-新魔法之露眼線液VI606+35	都很好看 結論是:都買了~XD	positive	
4566	[心得] BB美妝蛋~~不過就是一顆蛋??	適合上輕薄透亮的底妝,不適合上粉霧妝我沒有說他不好用，我是說C/P值不高	negative	
2814	[心得] 口紅一吃就掉色?	A.護唇膏→口紅→唇蜜～補口紅,容易色素沉澱B.粉底→口紅→唇蜜～補唇蜜,較健康?意思是~吃唇蜜比吃口紅健康?(或停留時間?)我真的蠻想知道是正確的嗎?其實有點懷疑~	neutral	
3669	[心得] 我的EXCEL產品使用紀錄	推薦 狂屯用不完反而浪費+心情差	positive	
1544	"[心得] 騙很大之年度眼妝""慘""品"	從頭笑到尾 XDDD   黑青掉屑會被抓包喔	positive	
1226	[心得] 開架蜜粉=便宜?!	推薦推薦 這樣讓我更想買開架的了~~XD	positive	
423	[心得] INTEGRATE彩虹甜心眼影盒#VI708	請問題要如何把眼影混合壓成另一塊呀?那我也要來玩玩看...	neutral	
3821	[心得] 妙巴黎果然美肌遮瑕膏 & Quealy 四色遮瑕膏	是說我現在才發現他有色號 囧> 才剛打開	negative	
2029	[心得] Lavshuca 2010春夏 戀色立體修容組&緋晶蜜潤唇膏 腮紅唇彩	台北真的好多間都撤櫃了..但板橋有喔	negative	
663	[心得] *AQUALABEL*保濕卸妝凝凍	你試用的時候...是不是沒有加水,把他乳化,才會出現卸不乾淨的狀況?而且,卸妝完後,都需要用洗臉乳洗臉吧..對啊^^	neutral	
181	[心得] KATE 謎幻雙色眼影盤等眼影唇彩新色全試色	漸層眼影的OR-1沒有了?它是限量的嗎?	neutral	
3816	[心得] 妙巴黎果然美肌遮瑕膏 & Quealy 四色遮瑕膏	我試在手背都會卡進細紋裡說 冏	negative	
934	[心得] 我的植村秀化妝箱	可以請問網誌的背景音樂是甚麼嗎~~	neutral	
4242	[心得] 各家卸妝品評比	我用貝德瑪~卸完臉不會緊繃和乾乾的	negative	
2261	[心得] Maybelline 媚比琳。純淨礦物腮紅(鬆粉式.開架)	俺心動了剛剛去我家那的屈臣氏 居然沒有!!!	negative	
3517	[心得] ⊙__⊙!超防水腮紅。MUF HD漾彩腮紅霜。	請問fino是用手推還是海綿上的呢?因為廣宣上寫搭HD海綿的圓弧角度最服貼笑肌所以我在想這款是不是當成水粉霜的方式會比較好用呢?(當然可能會被吸掉浪費了)	neutral	
3850	[心得] 我的化妝包必備-日本小物:髒污清潔紙巾	我之前也在台灣的7-11買過 ^^  超方便的	positive	
4464	[心得] 睫毛膏大車拼	好認真的心得文喔 給你推薦  我喜歡這種清流文	positive	
3446	[心得] 當MJ遇上KISS ME 眼線液比一比	KISS ME現在還有咖啡色嗎~?	neutral	
1295	[心得] 開架蜜粉=便宜?!	這樣買專櫃蜜粉就可以很捨得了	positive	
688	[心得] 中國大陸福建廈門&金門小三通彩妝採購	開架變專櫃去百貨公司看資生堂 佳麗寶高絲 SOFINA等就有了啊 這些品牌在日本也是開架藥妝通路	neutral	
1975	[心得] 打敗我手中三支王牌睫毛膏的大創橡膠頭睫毛膏	一打開連結還想拍下照片去買的...看完就..	negative	
173	[心得] DIOR 光柔礦物水粉底 V.S. ALBION 夏日雪膚	...我從頭到尾都沒有推薦dior的粉餅耶下面粉餅的效果是albion啦我發現我笨了 居然打錯標題>////<樓上你是我認識的人嗎?!!可以用站內信提醒我這個豬腦袋嗎哈哈 我知道你是誰了 好久不見阿~~~	neutral	
656	[心得] CHANEL 睫毛夾 (植村秀 & STILA & 資生堂睫毛夾)	純看文字版就推薦了...淚	positive	
1131	[心得] 蜜粉平均值	推薦啦!!!!! 超用心的 謝謝你!!!	positive	
2624	[心得] 六種防曬分享	痾啊~蜜妮50會黑@@我剛買說...因為剛剛去的屈臣氏只剩50而已T^T	neutral	
4280	[心得] 腮紅混粉底液的小技巧分享	粉質腮紅用刮棒輕輕刮下來 和粉底液混合就可以囉~ 臉型漂亮是假象XD	positive	
1413	[心得] heme無瑕魔法洗卸潔顏慕斯(實驗篇)	謝謝分享唷	positive	
3327	[心得] BOURJOIS 妙巴黎一筆勾炫眼線筆 #61黑 含妝容兒	原po好像上野樹理	neutral	
2477	[心得] L'OCCITANE 歐舒丹六月新品，牡丹系列！	迷思那句我一直看不懂...原po是想說遐思嗎?	neutral	
1498	[心得] elite模色眼影盤-巴黎玫瑰3	原po你好推薦^^	positive	
695	[心得] 中國大陸福建廈門&金門小三通彩妝採購	我在北京,看到專櫃小姐的妝,完全不想買..	negative	
1912	[心得] 應徵歌劇魅影專櫃人員歷程	"恭喜你站上了這個位子~但在這之餘，千萬別越來越驕傲..要貫徹""服務業""的本質加油啊!!XDDDD"	positive	
3584	[心得] 多款睫毛膏心得 	Feberwig不是我在講  新品拿來刷上睫毛才剛夾翹的睫毛就全變垂下來了!!! 很濕了感覺就是要放三個月以後再去用它會比較適合 = =	negative	
2089	[心得] KISS ME  凡爾賽美肌BB霜	我是偏黃感的皮膚,但擦了不會臘黃	negative	
4099	[心得] 我的開架式眼彩盤們（KATE、INTEGRATE、media、Lavshuca）	推薦!!   天然呆XD	positive	
701	[心得] 中國大陸福建廈門&金門小三通彩妝採購	"""比台灣還噓""感覺台灣很虛的樣子但我覺得台灣的彩粧品算多樣了.惜福中"	neutral	
4302	[心得] 看youtube達人必備單字集	很推薦了~	positive	
1687	[心得] 大滿意！Lavshuca 戀法迷棕眼彩盒。	fino的大地色已經多到可以種花園了嗎?XD	neutral	
2987	[心得] 化妝品和保養品的小幫手!!	我要分裝東西，所有會碰到的東西都會用酒精擦過一輪說...連瓶子都會倒酒精進去壓幾下噴頭、再換礦泉水壓幾下噴頭，才算消毒完成...倒一點搖一搖就可以了阿	neutral	
1419	[心得] MEZAIK＊超好用的雙眼皮膠（纖維型）	寶雅有賣嗎	neutral	positive
201	[心得] 今天的屈臣氏讓我殺很大！KATE新眼影上市啦！	可以不要再問我用不用的完嗎*.*肯定用不完。每個人都有自己喜歡的東西，能力範圍內的事情我才會做。	neutral	
3148	[心得] 我的遮瑕血淚之路(Kevin/BB/MUF/canmake/大創/露華濃)	CINEMA的好用且不乾.我都依每天黑眼圈的濃淡調整搭配的兩個顏色(橘和黃)很好用~沒錯~我買的是五色盤＃2 .在西門誠品116的1F.櫃點很小跟艾黛兒假睫毛一起	positive	
3263	"[心得] 山寨版""Brush Guard""-隔離網 (收納刷具)"	所以跟老闆說，我要買隔離網就可以了嗎?	neutral	
4425	[心得] 令人懷念的FF絲絨光眼影	ff藍色真的很豔 我有一盒不知道何時可用	neutral	
2864	[心得] 跟冰淇淋一樣香甜~Cold Stone 冰淇淋護唇膏!	這個我覺得味道很重了阿~不敢用XD	negative	
3142	[心得] 我的遮瑕血淚之路(Kevin/BB/MUF/canmake/大創/露華濃)	推薦fino大,邀稿的她都不會po板連借拍都沒po了	positive	
1384	[心得] M.A.C 妝前乳液~~~好用阿~推薦?	這瓶真的不錯用BTW原PO的變色片是啥牌子?	neutral	
272	[心得] 卸妝大作戰之蜜妮vs斯儂恩篇	我都直接洗掉沒長怪東西 不過應該因人而異	negative	
199	[心得] 今天的屈臣氏讓我殺很大！KATE新眼影上市啦！	原PO混出來的第三色都超美耶~我也有買可是怎麼都混不出來?	neutral	
3598	[心得] 7款。卸眼唇(眼部卸妝液)小比較。	我今天去看資生堂的眼部卸妝液售價400元???	neutral	
1919	[心得] 應徵歌劇魅影專櫃人員歷程	樓上別激動，又快又好當然是最高境界啊！XD	positive	
348	[心得] integrate俐落極細眼線筆	現場試畫覺得不好畫，還好沒買。	negative	
539	[心得] Beautymaker時尚刷具七件組小開箱心得~	看完後想買＋1大家好像都是買黑色的耶～不知道別的顏色如何？XD	neutral	
2999	[心得] 化妝品和保養品的小幫手!!	我是拿來裝防曬.可是因為他是透明罐怕接觸到光所以把透明部分貼起來.不知道這種想法對不對欸	neutral	
269	[心得] 卸妝大作戰之蜜妮vs斯儂恩篇	施巴的卸妝乳呢?但價格比上面都略高點~	neutral	
2294	[心得] 男性修眉分享!不讓女生專美於前!	這位男士皮膚好好X	positive	
3022	[心得] 美體小鋪的新玩意- 纖長濃翹睫毛膏	我的媽啊...為什麼這種文章會被M??	neutral	
2282	[心得] 男性修眉分享!不讓女生專美於前!	男友一天到晚叫我幫他修眉...	neutral	
2063	[心得] 韓國觀察記--韓妹的妝容打扮	"韓國的路上好多會走動的丸子@@"""	neutral	
1712	[心得] 大滿意！Lavshuca 戀法迷棕眼彩盒。	放推薦啦!!!!	positive	
1568	"[心得] 騙很大之年度眼妝""慘""品"	推薦白頭翁!  很有笑點了~ 我愛希默!!!	positive	
502	[心得] 遲到的-我的絕版化妝品	雙頭眼線當初還囤了幾支XD 真的推薦!	positive	
647	[心得] 艾杜紗美束濃密捲睫彩，無敵捲翹!!!!	好生火喔~~請問你同事那張圖是有夾過再刷?	neutral	
3401	[心得] Media新色腮紅，10色都摸到了！(終於)	我試用之後，只是輕碰一下試色處就掉色了本來想買提亮色那塊，所以沒買	negative	
2046	[心得] 韓國觀察記--韓妹的妝容打扮	那個丸子頭我曾一度以為是什麼傳統髮型因為八成以上的韓國妹都會綁 還一模一樣然後韓國朋友送過我一條妝前乳真的閃到不行 幾乎是白色亮片 完全不敢擦在臉上= =	neutral	
481	[心得] Paul&Joe敗家	自從它大漲價 我就完全冷凍~	negative	
4380	[心得] EZ 6D魔奏	廣告還是比較誇張些	negative	
2750	[心得] 用水果上妝吧－Bourjois果然美肌粉底液	今天去小屈,想嘗試果然美肌,小屈的店員卻都建議我選日系的東西...說妙巴黎在他們店裡賣得不是最好的,結果就沒試到...	neutral	
4343	[心得] 看youtube達人必備單字集	推薦~很實用了>皿<	positive	
4688	[心得] 真的一見傾心~只有我這麼誇張嗎	我覺得看不懂的主因是因為第一句沒有頭結果要看到後面的圖才知道這篇文章在講什麼	negative	
3959	[心得] Revlon PhotoReady 水嫩光澤底妝好選擇	請問珠光是不是還滿明顯的?一直在觀望這瓶	neutral	
2576	[心得] 在大陸(北京)可以買到的台灣開架產品	就像台灣防曬也是規定最高只能標到SPF50一樣啊~50以上只能標50+是怕廠商會競爭係數飆到沒完沒了吧~	neutral	
127	[心得] 小桃氣的lafemme腮紅-fuchsia	推薦顏料餅!!!這個形容真貼切~	positive	
4154	[心得] 妙巴黎 果然美肌遮瑕膏	請問這款是偏紅還是偏黃呢？	neutral	positive
668	[心得] *AQUALABEL*保濕卸妝凝凍	可是他很難乳化 真的很難洗乾淨	negative	
3161	[心得] 用毛筆的筆捲晾乾刷具 v.s 橡皮筋 比較文	我真心覺得只要刷柄後端打個洞就好辦事了XD	neutral	
4198	[心得] 我的2009年度十大彩妝~超leg版~	"這就是人""參""?生?"	neutral	
1112	[心得] 蜜粉平均值	大開眼界了!超級推薦!!!	positive	
4140	[心得] ZA輕透美肌光感粉底液-遮暇度高	我覺得遮瑕度普普.是我瑕疵太多嗎T_T	neutral	
2354	[心得] SOFINA Primavista粉底+零油光	零油光原價850，可以打9折	positive	neutral
3072	[心得] 腮紅之我論--關於腮紅的博大精深	我也亂化@@ 因為我不能刷斜的= =	neutral	
4305	[心得] 看youtube達人必備單字集	大推薦~~很實用了!!!	positive	
2103	[心得] 像紅寶石的雅詩蘭黛純色晶灩唇蜜StarRuby	顏色好漂亮喔~感覺這樣的紅也挺好看的沒有想像中艷,想問一下雅詩蘭黛這個系列有其他比較淺的顏色嗎?感覺很適合畫出果凍唇的那種,我追求果凍唇效果的唇蜜啊~	neutral	
3938	[心得] 第20屆世貿美容展Day2	花緹我有去哦~不貴也..五樣1000元(彩妝)二樣五百~ 他的dm寫很貴了~花緹的粉餅真的好用><超後悔沒買~	neutral	
1862	[心得] NARS 雙色眼影 PERSEPOLIS	顏色漂亮耶!!不過原po眉毛也太金?	neutral	
491	[心得] Paul&Joe敗家	原po跟我有得拚...我每次都推薦很大...Y美國買真的有比較便宜喔~而且有時會有話說thanksgiving要到啦~	positive	
4398	[心得] 令人懷念的FF絲絨光眼影	這款我總共有六色.持續愛用中	positive	
536	[心得] 燙睫毛 芭比娃娃燙	"不知道是燙睫毛好還是種睫毛好><"""	negative	
439	[心得] INTEGRATE彩虹甜心眼影盒#VI708	你的腮紅讓我好推薦~	positive	
3521	[心得] ⊙__⊙!超防水腮紅。MUF HD漾彩腮紅霜。	推薦如果有小瓶的會很心動!	positive	
2134	[心得] 我的睫毛這樣夾	好可怕 這是什麼魔法～～～	negative	
476	[心得] 高中女孩化妝包簡易版彩妝品	拍拍~舊的不去新的不來 T.T	negative	
3641	[心得] JillStuart四色腮紅#11 rose fairy	覺得原po像葉倩文（亂入）	negative	
916	[心得] 各種防曬品使用心得	蜜妮會曬黑 因為流汗就掉了...XD	negative	
505	[心得] 遲到的-我的絕版化妝品	visee好用～但放久了臘筆味好重	positive	
375	[心得] KRYOLAN 歌劇魅影 凝水光粉妝條	歌劇好用+1  不過也很會脫妝  orz	positive	
198	[心得] 今天的屈臣氏讓我殺很大！KATE新眼影上市啦！	其實妳家是眼影專賣店??	neutral	
4255	[心得] 腮紅混粉底液的小技巧分享	想請問想要濕擦乾擦合一的話推哪支呢	neutral	
1189	[心得] 開架蜜粉=便宜?!	推薦!實用!!感謝原PO唷	positive	
4571	[心得] benefit修眉吧體驗記	是你的照片歪歪的嗎? 我覺得左右不一樣高	neutral	
1356	[心得] Burberry 粉餅火熱開箱文	包裝像紀梵希+1 粉何超像的	positive	neutral
3439	[心得] 日本花王Curel 隔離霜 SPF25 PA++	要7百多真的好貴哦!我以為他很便宜說~	positive	
4122	[心得] 好評蜜粉進化版。CHACOTT 高解析保濕蜜粉	我常常看 看到都不想再看了(挺)	positive	
4664	[心得] 我的省錢撇步：找到屬於自己的假睫毛!!	我以為我電腦壞了...沒有圖T.T	negative	
1651	[心得] 【LUNASOL】波光浄化 眼影腮紅全試色	完蛋了....超升推薦 Orz	positive	
4671	[心得] 真的一見傾心~只有我這麼誇張嗎	請問是哪裡看不懂我改一下><嗚我錯字好多對不起~~><~~波蓁改完了，希望大家看得懂~真心推薦!波蓁是我本人ˊˋ	neutral	
1941	[心得] JILL STUART-幸福花嫁限量品分享	削筆器跟我錢幾週再櫃上買的長不一樣耶不過削筆器是不是有改過版 聽說以前買的有鑽	negative	
4402	[心得] 令人懷念的FF絲絨光眼影	"是不是該過期了= =""　　　　　　　XDDD"	negative	
3451	[心得] 當MJ遇上KISS ME 眼線液比一比	我有買過夢思嬌的耶 很難塗均勻而且常常莫名掉一整條下來(卡在眼角超不美觀)應該是我技術很差吧@@	negative	
4324	[心得] 看youtube達人必備單字集	還特地去查為什麼棉花棒叫Q-Tips原來他是品牌名! http://www.qtips.com/	positive	
4387	[心得] 半乾的眼線膠復活	大推~非常實用呢!這樣就不用去買大創那罐...我突然忘記名字的產品了=口=	neutral	
2275	[心得] 男性修眉分享!不讓女生專美於前!	會修眉毛的是好男人(?)	neutral	
4377	[心得] EZ 6D魔奏	我跟我家人每次看廣告都在找BUG今天倒是第一次看到實品照片廣告好像都沒放產品進去	negative	
3124	[心得] 我的遮瑕血淚之路(Kevin/BB/MUF/canmake/大創/露華濃)	Lisa那盤有點乾 要慢慢上不然很難推露華濃的魔術修色盤有用過嗎 我覺得很保溼	neutral	
597	[心得] Urban Decay Naked Palette※大地主的愛	超有心的分享  推 :D畫起來也很好看呢	neutral	
2351	[心得] Giorgio Armani 隱形美肌妝前乳	GA剛來的時候特地去朝聖，結果被櫃上的人澆了好大一盆冷水...粉底液我覺得上起來滿自然的沒負擔	negative	
3682	[心得] Costco ─ KIRKLAND by BORGHESE刷具組	內湖店有賣嗎~~	neutral	
35	[心得] Ayu代言的Rimmel眼影-前所未有的新觸感	美國線跟日本線的產品也差異很大了吧Orz	negative	
3600	[心得] 7款。卸眼唇(眼部卸妝液)小比較。	好實用的文章loreal用了會過敏正在尋覓新品呢	neutral	
1999	[心得] Lavshuca 2010春夏 戀色立體修容組&緋晶蜜潤唇膏 腮紅唇彩	請問板橋屈臣氏是不是只有府中那有櫃..新埔捷運站康是美有喔..昨天看還沒上架	neutral	
3075	[心得] 腮紅之我論--關於腮紅的博大精深	關於腮紅，我最想問的是為何西方model都要故意刷出瘦削臉頰，有些超明顯凹陷而同樣臉頰在東方人就變苦命、很瘦	negative	
1639	[心得] 【LUNASOL】波光浄化 眼影腮紅全試色	超美的～～～	positive	
1367	[心得] 這是不專業的21樣大創彩妝心得文	飾底乳好用但會爆小痘和粉刺T^T	positive	
496	[心得] Paul&Joe敗家	原PO大手筆+1 我只有特惠組時才會考慮漲價後單品單價都很貴了	negative	
482	[心得] Paul&Joe敗家	原po花錢毫不手軟 0.0...	negative	
3854	[心得] 第二十屆美容展 掰掰	妳買的好爽快呀!!哈哈	positive	
1934	[心得] 應徵歌劇魅影專櫃人員歷程	喜歡你的作品耶~加油唷!!	positive	
486	[心得] Paul&Joe敗家	自從有人提醒說它家口紅比香奈兒還貴後我就不很敢有事沒事過去看了XD 之前都是為了會員集點才會偶爾買買= =a	negative	
2590	[心得] 關於粉盒（粉餅盒）相容	RMK現在的水凝粉餅已經跟佳麗寶不一樣了兩者已不能相容嘍	neutral	
3748	[心得] 我有整數控之LA FEMME腮紅30色試色心得分享(上)	超推薦大！大推薦！	positive	
1680	[心得] Coastal Scents 24色高鑽烤瓷眼影盤	你擦藍色推薦  為什麼我擦都像被揍	positive	
2970	[心得] 露華濃香草精華口紅(含ZA鮭魚嫩粉比較)	怎嚜覺得有chanel的錯覺感=  =	negative	
3674	[心得] 我的EXCEL產品使用紀錄	會不會很專業一點...orz	neutral	
104	[心得] Media美芯極潤水粉餅(粉膚色)	全聯有哦	positive	
178	[心得] DIOR 光柔礦物水粉底 V.S. ALBION 夏日雪膚	是恰恰耶!是啊!大學跟你同屆(隔壁班的)	neutral	neutral
3862	[心得] 2010第20屆美容展	請問solone的中文櫃名是什麼 我怎麼找不到><	neutral	
2788	[心得] INTEGRATE絕色魅癮 俐落持色液態眉筆	感謝分享~有在觀望這個產品 我現在用的是寶雅之前特價一折時購入的液態眉筆 跟你一樣畫眉尾的時候會有屑屑 我也都是用棉花棒清除 不過我都有用棉花棒修飾妝容的習慣 倒也不覺得特別麻煩就是了:) 液態眉筆的好處是畫眉尾真的很輕鬆俐落 而且解決了我用眉筆常常午休起來眉尾就消失了的窘境 不過我除了眉尾外都還是習慣用眉粉就是了:)而且一直有用不完的感覺 其實說不定還比眉筆省呢~	neutral	
4083	[心得] 類偏執狂的刷具們～（上）	可能我化妝的時候比較隨便吧  所以餘粉刷都有點英雄無用武之地了......  其他那種一套柄較短的刷具都被我擺在別處納涼了..	negative	
4658	[心得] 我的省錢撇步：找到屬於自己的假睫毛!!	我也以為有圖!!!!!!T_T	positive	
3890	[心得] ZA亮彩映色脣膏-4款顏色分享	我擦RS1 整個就是嫩粉紅色XD	negative	
1904	[心得] 應徵歌劇魅影專櫃人員歷程	推薦～相簿裡的作品好漂亮～～	positive	
4570	[心得] benefit修眉吧體驗記	可能一整天有沾到汗水或油脂吧？所以就搓掉了	neutral	
1652	[心得] 【LUNASOL】波光浄化 眼影腮紅全試色	慘了!!!!!重度灼傷.....	positive	
2483	[心得] L'OCCITANE 歐舒丹六月新品，牡丹系列！	科科~~昨天去櫃上把兩色腮紅都帶回家了	positive	
102	[心得] Media美芯極潤水粉餅(粉膚色)	我之前看過桃園的兩家屈臣氏都沒擺orz	negative	
4281	[心得] 腮紅混粉底液的小技巧分享	我的MJ也要從冷宮拿出來用囉~~謝謝	negative	
2035	[心得] 韓國觀察記--韓妹的妝容打扮	同意樓上，之前那篇養眉人生時就有覺得跟誰很像，想不出名字來~XD最後那個丸子頭其實是道姑偽裝的吧？	neutral	
203	[心得] 今天的屈臣氏讓我殺很大！KATE新眼影上市啦！	買那麼多  用的完嗎???	neutral	
264	[心得] 卸妝大作戰之蜜妮vs斯儂恩篇	請問蜜妮卸不乾淨要怎麼判定呢??我都卸兩次 第一次還會用衛生紙輕擦拭掉但是防曬沒卸乾淨要怎麼發現啊?因為實在是覺得多按兩下多卸一次好像滿乾淨;還是是因為我都沒發現?謝謝	neutral	
501	[心得] 遲到的-我的絕版化妝品	稱它為雞肋都還未夠班 XDDD	negative	
889	[心得] 33色不是唯一解-66色唇彩盤試色!!	好推薦！: )	positive	
2202	[心得] 我的睫毛這樣夾	剛試完！果然超翹的！感謝分享！	positive	
202	[心得] 今天的屈臣氏讓我殺很大！KATE新眼影上市啦！	到10/13哦接下來就要期待新年檔期(?)	neutral	
919	[心得] 各種防曬品使用心得	"密妮不防水+1  之前畢旅大家去玩水我親眼看到海水浮著色彩繽紛的油花.....同學們就是用蜜妮 = ="" 頓時覺得是珊瑚白化的罪魁禍首啊啊啊!!!! (良心不安)"	negative	
4683	[心得] 真的一見傾心~只有我這麼誇張嗎	改過後好多了!本來我也看不懂一見傾心是什麼	negative	
4417	[心得] 令人懷念的FF絲絨光眼影	我也有這兩盒!! 到現在也不知道為何會買BL203+1!!! 不過SV806的深色不得我心~反而中間色與淺色愛比較大  不知為何:P	neutral	
3841	[心得] 睫毛夾小技巧	COOL!!!!!	positive	
1236	[心得] 開架蜜粉=便宜?!	我記得之前有類似的專櫃版本說#1B0z8yU7  找好久~ 專櫃版本	negative	
59	[心得] MJ戀愛魔鏡︰花錢找罪受的魅惑光感睫毛膏!!	這隻真的很好用 又很黑 很有存在感你等乾一點再試試看~	positive	
710	[心得] 怎麼用剛梳刷出根根分明的長睫毛	我睫毛也跟妳一樣垂耶~(不知道在high什麼XD)	positive	
4016	[心得] MAC立體漸層腮紅。2010春季限量。Blush Ombre	推薦都推薦起來了......	positive	
3474	[心得] 發現疑似嬌蘭假貨的蹤跡...	推薦~	positive	
2432	[心得] DR.WU 舒緩遮瑕BB霜	推薦簽名檔   >//////////<	positive	
3295	"[心得] 山寨版""Brush Guard""-隔離網 (收納刷具)"	明天開始老闆會不會覺得很奇怪，怎麼一大堆女生跑來買這東西 XDD	negative	
2791	[心得] Revlon露華濃茶花美肌腮紅盒（瑩澤修容餅）	"都是~因為太好玩了嘛,原諒我的不專業(扭)喔喔~那它到底是什麼,我找不到其他的XD粉盒上寫的是powder blush~釣出好多同學,大家果然都很想變身XD不過我lag很大,原來它不是茶花美肌腮紅>""<魔法小天使是會變成歌星的那個嗎?"	neutral	
4251	[心得] 曼秀雷敦lipice潤彩唇蜜	請問刷頭長怎樣呀 ～	neutral	
2690	[心得] 唇蜜救星！MAC隔離潤色護唇膏SPF20	恭喜上任 :D	positive	neutral
976	[心得] 大推「妙巴黎-果然美肌粉底液」	"另一款""美容覺主""粉底液 也推薦 光澤感的"	positive	
643	[心得] 韓國美妝購物小心得	有些超像的，但有些產品真的特別好用	positive	
713	[心得] 怎麼用剛梳刷出根根分明的長睫毛	我也是用這個 不過我的是粉紅色的XD印象中在康是美就有了	positive	
212	[心得] 今天的屈臣氏讓我殺很大！KATE新眼影上市啦！	超推薦大+1	positive	
3065	[心得] 腮紅之我論--關於腮紅的博大精深	化久了覺得最難的真的是底妝跟腮紅	neutral	
2458	[心得] kameria 凱蜜菈 童顏水感 BB霜	今天有看到 本來想買的XD 色差這點就縮手不買了	negative	
287	[心得] 我的眾刷具們	推薦!讓我對素肌屋心動了~	positive	
4132	[心得] CX溫和即淨卸妝水&美童肌四合一保濕潔膚水	還好看到這篇文章，熊熊要把美童肌買下去	positive	
1266	[心得] 開架蜜粉=便宜?!	推薦！所以除了一開始學化妝買過蜜粉餅以後後來都是買專櫃了。雖然一次要花比較多錢可是對用量大的人(我)，專櫃比較划算拉而且選擇又多！要說便宜。Chacott萬歲～	positive	
4608	[心得] 我的標題是孤兒 O__Q怎麼都沒人回答我的?	推薦!!!!!!!!!!!	positive	
4708	[心得] 美容品展的商業道德	只有買眼影也是快過期 想說是粉類就算了XD	neutral	
2260	[心得] Maybelline 媚比琳。純淨礦物腮紅(鬆粉式.開架)	N00是soft mauve淡紫色，最近想找紫色調腮紅又多了一個選擇呢！	neutral	
833	[心得] 33色不是唯一解-66色唇彩盤試色!!	超認真~也是特地登入幫妳推薦:)	positive	
6	[心得] hello kitty X 媚比琳睫毛膏	我用不會暈.可是睫毛前端都會垂頭喪氣XD	negative	
3874	[心得] NARS  ALL-in-one亮彩膏	剛剛才在西門武昌店把兩色都買了！	negative	
4077	[心得]我的裸妝重點整理	詳細推薦~	positive	
2015	[心得] Lavshuca 2010春夏 戀色立體修容組&緋晶蜜潤唇膏 腮紅唇彩	推薦推薦推薦	positive	
2502	[心得] Maybelline四色眼影盤--自然煙薰--	好像檢p裡的Jenny～	neutral	
3265	"[心得] 山寨版""Brush Guard""-隔離網 (收納刷具)"	請問方便透露是電子街的哪間店嗎?:)	neutral	
470	[心得] 高中女孩化妝包簡易版彩妝品	黑貓化妝包好可愛@@ 哪邊可以買到?	neutral	
3823	[心得] 睫毛夾小技巧	紫色的是不是Tweezerman?	neutral	
2596	[心得] 關於粉盒（粉餅盒）相容	塞尚的放不進ZA粉盒~	neutral	
510	[心得] 遲到的-我的絕版化妝品	VISEE眼線筆被西喜推薦 可是我用br30超暈是我的第一支眼線筆 但很暈去give送人了	positive	
450	[心得] INTEGRATE彩虹甜心眼影盒#VI708	睫毛好漂亮	positive	
2043	[心得] 韓國觀察記--韓妹的妝容打扮	真的!我在國外念書時 我的韓國朋友們跟在韓國當地的穿著 判若兩人我們在國外時 她都穿牛仔褲加拖鞋整個超隨便  但後來我翻他在韓國的CYWORLD一堆照片都是高跟鞋 窄裙啊 套裝的不可思議!!!	neutral	
573	[心得] 遮詭異黑眼圈的敗家記錄..	ipsa超保濕???我覺得超乾的耶!你要不要試試KP雙色那款(不好找)，可調色	neutral	
3089	[心得] 腮紅之我論--關於腮紅的博大精深	我也覺得腮紅超難~完全不想觸碰這一塊領域XD	neutral	
975	[心得] 大推「妙巴黎-果然美肌粉底液」	我決定今晚去找他  XD	positive	
1676	[心得] Coastal Scents 24色高鑽烤瓷眼影盤	亮粉好吸引人阿 喜歡閃亮亮請問會積線嗎?	neutral	
2540	[心得] 蘭蔻輕透紗uv持久無瑕粉底液	真的嗎ˊˋ好評不斷 抽屜裡還有兩罐T^T	neutral	
2411	[心得] 屈臣氏聯名卡與MJ(戀愛魔鏡)	可以推簽名檔嗎 XDDD (逃走~)謝謝原po~ 等我更有空一點再去鋼鍊板XD	neutral	
3919	[心得] 第20屆世貿美容展Day2	如果想買假睫毛的話美容展的選擇多嗎?有比較便宜嗎?	neutral	
995	[心得] 蜜粉平均值	艾杜紗零毛孔親親蜜粉6g 1100艾杜紗荳蔻日安蜜粉4g  NT$980我想要看粉餅的計算耶~~可以點菜嗎?? XD	neutral	
281	[心得] 卸妝大作戰之蜜妮vs斯儂恩篇	施巴嬌顏卸妝乳我覺得推薦用 滿清爽的	positive	
1955	[心得] 滅火---（彩妝品）	我也是用EXCEL建檔，每樣產品也都會貼標籤寫上保存期限，到期了就丟XD	negative	
1067	[心得] 蜜粉平均值	很推薦大了	positive	
2515	[心得] 松本店長纖長款你好!!	沒錯  很急著刷真的很容易結塊 (淚)所以刷的時候都會對著鏡子超久....	negative	
3914	[心得] 媚比琳Maybelline超震電動睫毛膏	我用這款手好像要中風	negative	
3668	[心得] 我的EXCEL產品使用紀錄	我只有寫到期日..XD	negative	
2284	[心得] 男性修眉分享!不讓女生專美於前!	推薦~我正想來幫我男友修:P	positive	
3978	[心得] smashbox瞬間光采調色露	這樣等於就是當保養的最後一道程序用滿正常	negative	
3198	[心得]瀝乾刷具的簡單方法 (內有影片介紹)	類似作法+1	neutral	
4699	[心得] 真的一見傾心~只有我這麼誇張嗎	為什麼我看不很懂...	negative	
4210	[心得] 我的2009年度十大彩妝~超leg版~	後不會打折～沒買到睫毛夾，可惜了`	negative	
4447	[心得] 睫毛膏大車拼	12345跟19999的圖片??不懂耶XD 上火+1!	neutral	neutral
2892	[心得] 吸油也要香噴噴～Juicy Jewel吸油面紙	貼瀏海貼趴趴走+1 不過發現時糗到爆炸>__<	neutral	
1937	[心得] JILL STUART-幸福花嫁限量品分享	推薦~	positive	
1780	[心得] 用刷的假睫毛 - Integrate 根根分揚睫毛膏	XDXDXDXD真的有這種馬喔～還蠻推薦的	positive	
3235	[心得] 還蠻好用的！benefit萬眾矚目眼底膏！	我已經很小心了 每次壓還是失手浪費很多	negative	
1630	[心得] 【LUNASOL】波光浄化 眼影腮紅全試色	nooooo會死啊orzzzzz跟樓上相反,如果是正黑色我就買XD!	negative	
4534	[心得] 雙頭刷具 懸空放!	我比較懶 用粗吸管套住較細那一頭留適當長度  就可以插刷具桶了XD	negative	
2904	[心得] Maybelline 快捷摩天濃防水睫毛膏	可是你如果沒戴隱形眼鏡 兔到的就是眼球耶把眼皮提高比較不會兔到喔	neutral	
3224	[心得] KATE 潤色裸唇膏BE-1 (跟za鮭魚比較)	我覺得KATE不乾耶	negative	
729	[心得] 33色不是唯一解-66色唇彩盤試色(最終)	推薦 謝謝分享^^	positive	
4129	[心得] CX溫和即淨卸妝水&美童肌四合一保濕潔膚水	XD只有我覺得壓頭好用啊?	neutral	
2403	[心得] 幾年來用過的睫毛膏（下）	推薦很棒的分享文!	positive	
4030	[心得] MAC立體漸層腮紅。2010春季限量。Blush Ombre	我剛剛買腮紅阿...	neutral	
758	[心得] 33色不是唯一解-66色唇彩盤試色(最終)	推薦 感覺嘴都要失望了...	positive	
763	[心得] 防曬第二彈~不會黑之日妝係防曬	我玩水或是長時間曬很陽都擦金瓶 都不會黑但我去關島五天 擦金瓶還是黑了 = =我在下水前還有特別厚擦了一層	negative	
533	[心得] 燙睫毛 芭比娃娃燙	"我之前燙完好後悔>""<睫毛變超亂的QAQ"	negative	
3076	[心得] 腮紅之我論--關於腮紅的博大精深	推薦 我老是覺得我的腮紅位置很怪阿	positive	
2934	[心得] 妙巴黎果然美肌粉底液	推薦我也覺得像喜洋洋彩色筆的味道!!!!!!XDD	positive	
3958	[心得] Revlon PhotoReady 水嫩光澤底妝好選擇	請問這罐和new complexion那一罐比較買了帶回台灣?我本想買有人說不錯的new complexion,但還沒買就出了新的photoready,還有它的粉餅有人用過嗎,很心動想買	neutral	
2459	[心得] 露華濃冰淇淋粉霜	根據我試用在閃光手上的結果:很卡粉，很難推，可是我不覺得乾，摸起來濕濕的??	neutral	
1529	[心得] Lavshuca 戀法迷棕眼彩盒 #BR-1 	我也是在等屈臣氏補貨..	negative	
2064	[心得] 韓國觀察記--韓妹的妝容打扮	覺得台灣女生素顏比較優	neutral	
4067	[心得]我的裸妝重點整理	修容怪怪的 很重 不自然	negative	
1199	[心得] 開架蜜粉=便宜?!	感謝大大的分享 原來專櫃也不怎麼貴XD	positive	
2916	[心得] 底妝好乾淨-膚蕊銀色BB霜	妳的點子不錯ㄟ~~~~我可以用嗎>////<放在簽名檔我覺得很可愛耶(抱)樓上這樣說我只好蛋蛋哀傷了(也不改進)	neutral	
1392	[心得] M.A.C 妝前乳液~~~好用阿~推薦?	這個我是覺得後續的底妝大多跟這瓶不搭	negative	
1654	[心得] 令人失望的DOLCE & GABBANA 粉餅	請問你的59元應該是美金還台幣?還哪國幣= =感覺我看不懂~	neutral	
4426	[心得] 八款粉底液大車拼以及色號分享	泡沫隔離霜讓我起超多超大的閉鎖性粉次！非常可怕！！！	negative	
2466	[心得] 露華濃冰淇淋粉霜	很乾爽,但很卡毛孔,來試試先上乳液這招	positive	
1489	[心得] elite模色眼影盤-巴黎玫瑰3	原po不路人呀~長得很可愛呢文更可愛^^	neutral	
1227	[心得] 開架蜜粉=便宜?!	拍手......	neutral	
2922	[心得] 底妝好乾淨-膚蕊銀色BB霜	看起來效果很好耶!可惜我皮膚很脆弱不能用原po和一樓的idea都很推薦!!:)	positive	
3852	[心得] 我的化妝包必備-日本小物:髒污清潔紙巾	生活工場有買過類似的東西~我猜大創之類也會有賣，可找看看^^	neutral	
2984	[心得] 化妝品和保養品的小幫手!!	消毒瓶子.像100ml的瓶子要倒多少酒精呢?75%酒精 是倒一點進去搖一搖嗎?還是倒滿全部倒滿那酒精一次就少100ml了很傷本...我不知道是要再加水稀釋還是純75%就好分裝瓶 瓶口很小手伸不進去 酒精要怎麼擦倒一點進去搖一搖 還是酒精全部倒滿瓶子	neutral	
1065	[心得] 蜜粉平均值	推薦~~~原PO好用心	positive	
472	[心得] 高中女孩化妝包簡易版彩妝品	妳是高中生?	neutral	
551	[心得] Beautymaker時尚刷具七件組小開箱心得~	找不到要點哪裡買耶XD 這超升推薦的!我找到了 哈哈 謝謝:)	positive	
1535	"[心得] 騙很大之年度眼妝""慘""品"	伊莉莎白~為什麼裡面是個大叔?話說嬌蘭的眼影真的很弱,外表看似很漂亮,但不持久也不顯色,睫毛膏也暈得半死...他們家只在保養部份努力開發嗎?	neutral	
3056	[心得] 新化妝箱+我的美妝愛物	ARTDECO亮眼絢彩護底霜真的變乾後不好用,不過可以試試用手指放在上面久一點,用溫度會軟一點,比較好沾(我的2罐都用到半乾,還縮小了,不過效果還是OK)	negative	
986	[心得] 大推「妙巴黎-果然美肌粉底液」	簡直想立刻衝去買了...	negative	
60	[心得] MJ戀愛魔鏡︰花錢找罪受的魅惑光感睫毛膏!!	所以其實不是睫毛膏的問題....	negative	
4375	[心得] EZ 6D魔奏	那我應該變小嬰兒了XD可惜的是我連年輕5歲的感覺都沒有~SAD我也不知道耶，購物台也很容易吸引我不過從來沒有買過就試了= =偷八卦一下→那好神拖到底好不好用阿?	neutral	
290	[心得] 我的眾刷具們	好壯觀喔	positive	
1834	[心得] 用刷的假睫毛 - Integrate 根根分揚睫毛膏	好久沒看到米估了!!!!!好開心!!!!	positive	
878	[心得] 33色不是唯一解-66色唇彩盤試色!!	很推薦大囉~~	positive	
2908	[心得] Maybelline 快捷摩天濃防水睫毛膏	我也常塗到 我會把隱形眼鏡用藥水搓洗	neutral	
4236	[心得] 沖繩藥妝採買行	聽你網誌音樂  我想再看一次對不起我愛你^^	negative	
2204	[心得] 我的睫毛這樣夾	剛剛試了一下 好像真的有比較翹的樣子	negative	
4268	[心得] 腮紅混粉底液的小技巧分享	好好看 謝謝	positive	
4703	[心得] 美容品展的商業道德	還好有退成功! 真的是很過份了~建議還是打去他們公司反應一下吧~售貨小姐態度也未免很理直氣壯~	negative	
999	[心得] 蜜粉平均值	"密粉跟密粉""餅""一起比?"	neutral	
180	[心得] KATE 謎幻雙色眼影盤等眼影唇彩新色全試色	被BG-1燒到...不知道黃臉婆適不適合?	neutral	
353	[心得] MAYBELLINE 純淨礦物保濕兩用粉餅	請問你是用BB霜還是粉底液打底呀～？	neutral	
4379	[心得] EZ 6D魔奏	我媽有買 4500一瓶 很油 被我媽冰起來了	negative	
369	[心得] KRYOLAN 歌劇魅影 凝水光粉妝條	本文及推薦非常推薦	positive	
4258	[心得] 腮紅混粉底液的小技巧分享	好自然喔~感覺是從皮膚裡透出來的紅呢!	neutral	
2324	[心得] Cinema Secrets粉底+五色盤 使用+比色照	好用心!推薦完再來慢慢看	positive	
2843	[心得] 瞬間大眼的秘訣--眼線	推  很喜歡看妳的分享呢:)	neutral	
1613	[心得] 【LUNASOL】波光浄化 眼影腮紅全試色	問個不相關的...請問原po背景音樂是什麼?好聽!	neutral	
952	[心得] 5個非買Nars Douceur腮紅不可的原因!!!!!	我覺得有點像皮膚擦傷的顏色咧...	negative	
1252	[心得] 開架蜜粉=便宜?!	很推薦了！	positive	
1665	[心得] 令人失望的DOLCE & GABBANA 粉餅	可是我覺得這塊超好用耶... 我是中偏乾性它用起來會有一點點光澤..我的毛孔也推薦得住...一直很擔心快用完的事  XD	positive	
2288	[心得] 男性修眉分享!不讓女生專美於前!	修眉分享可以參考addlov,滿有參考價值	positive	
2385	[心得] CINEMA SECRETS晶透長效無瑕粉底	推薦好文~我覺得這款粉底頗推薦 朋友用這跟素顏比差超多!!	positive	
3473	[心得] 發現疑似嬌蘭假貨的蹤跡...	櫃姐當然說沒特賣呀～因為要你在櫃上買	negative	
639	[心得] 韓國美妝購物小心得	我也超喜歡YSL那隻唇膏的！！	positive	
2451	[心得] kameria 凱蜜菈 童顏水感 BB霜	我猜是同場獻映跟最難推的BB霜？ 皮膚好好阿~	neutral	
1565	"[心得] 騙很大之年度眼妝""慘""品"	突然想起日前版友分享的一大堆NYX眼影..囧	positive	
2290	[心得] 男性修眉分享!不讓女生專美於前!	我也覺得不自然...	negative	
2172	[心得] 我的睫毛這樣夾	酷耶~剛才試了一下弧度超美的 化妝這麼多年現在才知道如此簡單的一招(淚)	positive	
3273	"[心得] 山寨版""Brush Guard""-隔離網 (收納刷具)"	好聰明!!推薦推薦	positive	
2989	[心得] 化妝品和保養品的小幫手!!	消毒用70-75%的酒精才有效	neutral	
3538	[心得] ⊙__⊙!超防水腮紅。MUF HD漾彩腮紅霜。	好推薦喔v(￣︶￣)y   10ml好多...	positive	
1558	"[心得] 騙很大之年度眼妝""慘""品"	好好笑！！！推薦！！！	positive	
711	[心得] 怎麼用剛梳刷出根根分明的長睫毛	阿～～～～～對喔～趕緊改	neutral	
3416	[心得] Media新色腮紅，10色都摸到了！(終於)	想買BE-2當打亮色!!!不知道合不合適...	negative	
1770	[心得] 用刷的假睫毛 - Integrate 根根分揚睫毛膏	原PO金古錐XDDDDD	positive	
3844	[心得] 說明書試譯:日本小物 髒污清潔紙巾	來了來了>///<	neutral	
1605	"[心得] 騙很大之年度眼妝""慘""品"	XDDDDDDDDDD看希默的文章真的好開心	positive	
3922	[心得] 第20屆世貿美容展Day2	推~算是熱騰騰的一篇文章呢~辛苦了	neutral	
3946	[心得] cinema secrets刷具清潔液洗伸縮刷	不是濕紙巾喔!是洗臉巾(像沒有加水的濕紙巾)	negative	
2737	[心得] 用水果上妝吧－Bourjois果然美肌粉底液	請問會不會冒痘痘或是過敏癢癢?我被BB霜搞得皮膚變很糟  想換粉底液了	neutral	
3556	[心得] MAC 2010母親節＋不脫妝系列大試色	不知為何 看到你的ID就以為你發的是BB XD	negative	
4134	[心得] CX溫和即淨卸妝水&美童肌四合一保濕潔膚水	廣源良也出了很類似的卸妝水,不知道是否好用	neutral	neutral
3126	[心得] 我的遮瑕血淚之路(Kevin/BB/MUF/canmake/大創/露華濃)	"樓上大大的眼圈一定不怎麼深...LM開始在我心中燃起火苗了.....m大指的是他們家的五色盤嗎？我明天正準備要去試LM/ORBIS/CS/MUF，不知道皮膚會不會掛掉...= =看來有很多人都有一樣的困擾啊...CS也逐漸開始升火了....u大把CS的火升到最高點了..心動啊..不過我覺得我的黑眼圈已經異於常人了所以買個五色來玩玩好了..(理智斷了)今天敗了CS.....用用看吧~殘念.....記起來的話也請分享喔^^""黑眼圈魔人""→怎麼有股淡淡的悲傷呢那我就是""黑眼圈魔王""了...QQ"	neutral	
3599	[心得] 7款。卸眼唇(眼部卸妝液)小比較。	卸眼唇會讓眼周變乾?! (驚!!)蜜妮的新款真的蠻好用的....(準備倒戈..	neutral	
1602	"[心得] 騙很大之年度眼妝""慘""品"	英特軌的眼影好像只有粉色和大地色比較不會踩地雷 其他顏色我都不敢碰另外大推薦吐嘈文XD不然看到都是一堆歌舞昇平 每個都馬神兵利器的廠商試用文	positive	
705	[心得] 中國大陸福建廈門&金門小三通彩妝採購	"我好想去金門看看阿~~~我去過台灣跟廈門就是沒去過金門 之前在廈門看到金門好想游泳過去喔~~話說我在福建的大型超市看過媚比琳的""專櫃""""專櫃小姐""化藍色眼影還在櫃上補妝讓人完全不想靠近其實台灣的日系牌最便宜了比日本還要便宜如果是大陸製的媚比琳 可能在大陸買比較便宜~我之前買過 可是很難用XD  香港的話歐美牌可能會便宜~~要比比看"	neutral	
3581	[心得] 多款睫毛膏心得 	樓上 真的嗎!??	neutral	
4384	[心得] EZ 6D魔奏	終於讓我等到心得文了，感謝	positive	
3143	[心得] 我的遮瑕血淚之路(Kevin/BB/MUF/canmake/大創/露華濃)	我有用過一個日本的牌子，用手指很難上但是用刷具的話超好上又持久又自然但它跟著我的化妝包一起失蹤了.... T_T因為是人家送的所以我想不起牌子(掩面)	negative	
2636	[心得] LANCOME 絕對完美唇膏-升級版 #395	我眼睛脫窗把標題看成$395，想說怎麼這麼便宜快來買，結果看內文才知道看錯了XDD	positive	
614	[心得] Urban Decay Naked Palette※大地主的愛	這些顏色,讓我看的好推薦!!才告訴自己,自己的眼影已經三輩子用不完了。	positive	
1194	[心得] 開架蜜粉=便宜?!	很棒的文章!!!!	positive	
2996	[心得] 化妝品和保養品的小幫手!!	本身沒想很多，但是..不要裝很多為主快點用完就是了他就像一般外出瓶一樣~方便自己使用原來要消毒!感謝大家又讓我懂了一件事	negative	
2026	[心得] Lavshuca 2010春夏 戀色立體修容組&緋晶蜜潤唇膏 腮紅唇彩	天哪~~~	negative	
4203	[心得] 我的2009年度十大彩妝~超leg版~	艾莉兒好久不見~~ 人參應該是故意吧XD順便提醒你MJ二代120%也停產了不要哭喔	negative	
2001	[心得] Lavshuca 2010春夏 戀色立體修容組&緋晶蜜潤唇膏 腮紅唇彩	腮紅有推薦到!!	positive	
1203	[心得] 開架蜜粉=便宜?!	推薦這篇@@ 原PO認真!!	positive	
2580	[心得] 在大陸(北京)可以買到的台灣開架產品	之前在香港的屈臣氏也是站了很多小姐但是都很親切 不會緊迫盯人XD	neutral	
1129	[心得] 蜜粉平均值	價格敏感的粉...	neutral	
1399	[心得] M.A.C 妝前乳液~~~好用阿~推薦?	這個我也有買...我覺得用了好雞肋= =我用起來跟沒用no fu~Orz我也冰起來了,很普通~我覺得會讓臉多一層負擔= =	negative	
3745	[心得] 我有整數控之LA FEMME腮紅30色試色心得分享(上)	感謝分享~~看到數量這麼多心情好好~~~XDDD	positive	
2107	[心得] Loreal完美淨白光采珍珠粉餅	文章不存在??	neutral	
3431	[心得] orbis澄淨卸妝露 透妍防曬隔離霜(清爽)	我T字部位超會出油，可是orbis的反應兩極害我不知道要不要買，第一次購物會折100...	negative	
1130	[心得] 蜜粉平均值	大推薦!!!	positive	
169	[心得] 如果我跟衛生紙一樣白--6款Lunassol試畫	我喜歡衛生紙試色,感謝妳!!!!!	positive	
195	[心得] 今天的屈臣氏讓我殺很大！KATE新眼影上市啦！	買那摸多是用在哪裡??臉嗎	neutral	
3573	[心得] MAC 柔礦冰淇淋腮紅 TWO VIRTUES	我也是只買這色,握手對對對...希望它不是限量兩千萬顆粉紅我真的是已經有十幾顆了	negative	
4378	[心得] EZ 6D魔奏	好神拖我家也有一支  還正版的勒 XD我個人還是愛用扭的拖把....不過我也是有親手扭斷過一支....冏...	positive	
1052	[心得] 蜜粉平均值	推薦大推薦!!!!!!!!!!!!!!!!!!!!!!!!!	positive	
3548	[心得] MAC 2010母親節＋不脫妝系列大試色	超推薦的心得文!!好詳細推薦一個~~~~	positive	
2948	[心得] 顛覆我印象的媚比琳摩天濃	TO fly 我是用資生堂的睫毛夾(日款)之前我用其他款也很不順手 參考看看囉沒想到放大片意外受注目XD不過這是外銷品牌 我跟工廠直接買的所以無法公開說+其實我忘了品牌名 囧是刷到+色素沈澱 囧 嗚嗚嗚我是用整天都沒有暈(不過我從沒暈過)所以請問什麼樣才是暈開啊??	neutral	
2986	[心得] 化妝品和保養品的小幫手!!	我之前用75%的消毒瓶子 結果好難乾唷用95%的應該比較快乾	neutral	
2305	[心得] Cinema Secrets粉底+五色盤 使用+比色照	603帶紅嗎？我一直以為他是遮紅(帶灰)	neutral	
977	[心得] 大推「妙巴黎-果然美肌粉底液」	無圖也很精彩!	positive	
1618	[心得] 【LUNASOL】波光浄化 眼影腮紅全試色	聽說之後會辦一個lunasol台灣見面會不知道見面會是不是就先上市了？	neutral	
3403	[心得] Media新色腮紅，10色都摸到了！(終於)	RS1今天試擦了  不會突顯瑕疵喔!	negative	
4491	[心得] 搶救mac好乾的唇膏	不保濕+1  已經變心用SHISEIDO的了XD	negative	
3519	[心得] ⊙__⊙!超防水腮紅。MUF HD漾彩腮紅霜。	有看有推薦：）	positive	
3809	[心得] 妙巴黎果然美肌遮瑕膏 & Quealy 四色遮瑕膏	我覺得剛推很好推 乾了就很乾XD但我眼周本來就很乾 都找不到好眼霜(淚)我覺得好多遮瑕膏都這樣耶~有沒有比較不乾的呢? 眼下真的很愛卡紋 嗚嗚	neutral	
563	[心得] Fasio 2010秋冬彩妝 華麗晶璨眼彩盒、甜心貓眼睫線棒	睫線棒的睫毛膏部分表現不錯，可是眼線部分有點囧，眼影真的顯色又服貼呢！	neutral	
413	[心得] 限量香奈兒SOHO DE CHANEL	不敢買,買了捨不得用= =	negative	positive
226	[心得] 今天的屈臣氏讓我殺很大！KATE新眼影上市啦！	真的是殺很大！!!!!	positive	
1198	[心得] 開架蜜粉=便宜?!	驚!!!	positive	
325	[心得] Fasio 華麗晶燦眼影盒 Pk-3 試色小心得	那它適合黑肌膚嗎= =??我不想當大地主阿~~	neutral	
3901	[心得] ZA亮彩映色脣膏-4款顏色分享	很推薦 但不能再買了(推薦眼)	positive	
143	[心得] 小桃氣的lafemme腮紅-fuchsia	哇~~好好看!!好適合原PO~~皮膚真的好好!!	positive	
2635	[心得] LANCOME 絕對完美唇膏-升級版 #395	看成395元 = = 差點就衝去買了	neutral	
1523	[心得] Lavshuca 戀法迷棕眼彩盒 #BR-1 	我也以為沒人買..可是我跑了三個地方才買到真想再買一盤.可是油眼皮真的蠻快就暈了.哎	negative	
98	[心得] Media美芯極潤水粉餅(粉膚色)	到底台北哪家全聯有啊XD 禮卷終於派上用場可是我跑了三家都沒找到有進的QQ	negative	
1076	[心得] 蜜粉平均值	推薦!! 我手邊Lavshuca是透明款9.8g	positive	
2147	[心得] 我的睫毛這樣夾	我都上下夾混搭 看自己睫毛的情況	negative	
3859	[心得] 動物毛?人造毛?傻傻分不清楚	推薦!!詳細的認真文!	positive	
3154	[心得] 我的遮瑕血淚之路(Kevin/BB/MUF/canmake/大創/露華濃)	我倒是用過BM/LM/CS/MUF...BB試過很乾BM的萬年卡粉已經是我的拒絕往來戶最近在心動covermark...試了感覺很棒	positive	
4501	[心得] 搶救mac好乾的唇膏	可能凡士林擦少一點 會比較剛好	negative	
4433	[心得] 八款粉底液大車拼以及色號分享	我用LM的隔離都會狂冒粉刺T__T	negative	
3904	[心得] ZA亮彩映色脣膏-4款顏色分享	芒果好推薦ˇ	positive	
2120	[心得] 我的睫毛這樣夾	真的有變比較翹耶~這是為什麼啊?!好奇妙	neutral	
2615	[心得] 六種防曬分享	左2和左4都好用,不過左是感覺擦了和沒擦,感覺沒效果xd,還有ALLe(?)佳麗寶那款也好用~^^!	neutral	
3863	[心得] 2010第20屆美容展	挖...是要畫水彩嗎	negative	
1153	[心得] 依舊不專業－大創１３樣眼影品分享	k跟j 和最上面的照片好像是顛倒的...我也有j（目力 ）我覺得連眼睛膏都難用	negative	
256	[心得] 今天的屈臣氏讓我殺很大！KATE新眼影上市啦！	你真是推薦力很推薦大了~~~	positive	
344	[心得] integrate俐落極細眼線筆	油眼皮人還是放棄眼線筆吧...我也是油眼從不浪費錢買眼線筆XDDD	negative	
3602	[心得] 7款。卸眼唇(眼部卸妝液)小比較。	蜜妮讓我第一次體會到了薰眼是什麼感覺.	negative	
3011	[心得] 9款專櫃睫毛膏心得分享	謝謝分享~~推薦推薦	positive	
2542	[心得] 蘭蔻輕透紗uv持久無瑕粉底液	我覺得你擦起來妝感很自然也很輕透耶這塊也是我的愛用品 夏天用超適合現在也比較少擔心脫妝的問題 推薦～～	positive	
3252	[心得]資生堂心機長效立體光粉霜UV(粉條)快速心得	會不會暗沉是要看各人膚質吧,有興的趣的版友還是要親自試擦才準啊	negative	
2829	[心得] 戀愛魔鏡-新魔法之露眼線液VI606+35	T^T 好猶豫到底要不要買？	neutral	
3595	[心得] 我的大創眼影分享紀錄	感謝分享~	positive	
383	[心得] Kate謎幻雙色眼影盤試色	沒有中島美嘉代言連試用的動力都沒了	negative	
637	[心得] 韓國美妝購物小心得	T^T 好想去喔!!!	positive	
242	[心得] 今天的屈臣氏讓我殺很大！KATE新眼影上市啦！	全部花了多少摳摳    好推薦大=ˇ=	positive	
2719	[心得] 唇蜜救星！MAC隔離潤色護唇膏SPF20	感覺推薦~改天去櫃上試試	positive	neutral
3020	[心得] Armani設計師塑顏粉霜	你應該是沒有我乾才對XD	neutral	
4672	[心得] 真的一見傾心~只有我這麼誇張嗎	原PO長的超甜..是刷子嗎?林三益的刷子~那把刷很美耶!上頭有鑽石SOFINA...我猜錯了耶~歐賣尬..	neutral	
3847	[心得] 我的化妝包必備-日本小物:髒污清潔紙巾	我在大創好像沒看過類似產品	neutral	
197	[心得] 今天的屈臣氏讓我殺很大！KATE新眼影上市啦！	媚比琳是進化了嗎 XD 好顯色	neutral	
567	[心得] Fasio 2010秋冬彩妝 華麗晶璨眼彩盒、甜心貓眼睫線棒	可是我想推薦眼線睫毛膏~超不暈的~~我是屬於mj眼線液都會暈的人~但這個不會~~去海邊都是靠他了＞”＜～	positive	
3113	[心得] 深乾唇人多款護唇膏&唇蜜比較	感謝分享！護唇膏的話個人推薦便宜又保濕的優機覆盆子。真的很鎖水(自己嘴唇容易乾)小西洋梨也推薦。但價位有點高(窮學生	positive	
2614	[心得] 六種防曬分享	蜜妮50會黑？？！！真假...我剛入手	neutral	
3775	[心得] 六款共八色的開架/日系染眉膏介紹	kissme大推薦XD 列入目標了!	positive	
1169	[心得] 開架蜜粉=便宜?!	推薦!	positive	
1893	[心得] 媚點media柔光立體修容RS-1	等你好久~終於XD	positive	
3977	[心得] smashbox瞬間光采調色露	隔離霜沒有顏色就在隔離霜前使用?!好詭異	neutral	
1689	[心得] 大滿意！Lavshuca 戀法迷棕眼彩盒。	咦？fino大，請問妳睫毛膏有換過嗎？妝效好像不太一樣呢~ (．＿．?)	neutral	
603	[心得] Urban Decay Naked Palette※大地主的愛	好像不是限量的喔!只是供不應求中	positive	
3691	[心得] Costco ─ KIRKLAND by BORGHESE刷具組	推薦了XDDDDDDD	positive	
2710	[心得] 唇蜜救星！MAC隔離潤色護唇膏SPF20	恭喜~~~ya~有版主了!!!!	positive	
1371	[心得] 這是不專業的21樣大創彩妝心得文	唇刷嗚嗚 上次在大創找了好久都沒看到	negative	
840	[心得] 33色不是唯一解-66色唇彩盤試色!!	原PO好推薦每個顏色給你擦都很漂亮欸XD	positive	
3070	[心得] 腮紅之我論--關於腮紅的博大精深	Err:510	positive	
4368	[心得] 露華濃不脫色痘痘遮暇棒	我覺得這隻還好...不過可能也是我技術的問題小屈有試用的 想買的可以先試試看	positive	
1936	[心得] JILL STUART-幸福花嫁限量品分享	有夠漂亮～好心動！	positive	
3243	[心得] INTEGRATE 容耀奇肌 礦物粧前霜	我一開始有覺得有點難推薦 甚至出現卡粉的情形 還擠了一堆 之後發現用2~3粒紅豆大小輕點拍開就足以用全臉了 我覺得還推薦用原po可以試看看^^	positive	
2030	[心得] 好好用。The Brush Guard 刷具套	小石家的兔子......好恐怖>////<	negative	
3249	[心得]資生堂心機長效立體光粉霜UV(粉條)快速心得	OC-00用了有油光+1	negative	
882	[心得] 33色不是唯一解-66色唇彩盤試色!!	真的很認真了! 但我還是不敢把仿品往唇擦耶 畢竟是會吃進去的東東>////<	negative	
1208	[心得] 開架蜜粉=便宜?!	推薦+1,怎麼從來都沒想過要用這種方式算= =a	positive	
4574	[心得] benefit修眉吧體驗記	我照相都習慣歪頭 不過左右不一樣是被我之前剃壞的...	neutral	
961	[心得] 5個非買Nars Douceur腮紅不可的原因!!!!!	原PO是不是變瘦了!!!	neutral	
4028	[心得] MAC立體漸層腮紅。2010春季限量。Blush Ombre	"推薦 顏色超美的>""<"	positive	
2011	[心得] Lavshuca 2010春夏 戀色立體修容組&緋晶蜜潤唇膏 腮紅唇彩	RD-1居然看成象牙海岸 我瘋了!!	negative	
4031	[心得] MAC立體漸層腮紅。2010春季限量。Blush Ombre	原來不橘 !!	neutral	
585	[心得] 蒂芬妮亞眼唇卸妝液新舊款比較	幸好你給我信心等我舊的囤貨用完可以買新的	negative	
2880	[心得] 吸油也要香噴噴～Juicy Jewel吸油面紙	我也做過類似的事,把水鑽貼黏在額頭上還排一個心型,完全忘了出去買東西 回來發現好想死	neutral	
4495	[心得] 搶救mac好乾的唇膏	Siss的質地本來就比較乾，我都刮下來混好後再用唇筆上，不然我本來也不敢買XD	negative	
3281	"[心得] 山寨版""Brush Guard""-隔離網 (收納刷具)"	很推薦了啦!	positive	
997	[心得] 蜜粉平均值	SANA舞伎蜜粉是不是出過30g的包裝？	neutral	
2177	[心得] 我的睫毛這樣夾	原PO騙人 點不進去 囧	negative	
182	[心得] KATE 謎幻雙色眼影盤等眼影唇彩新色全試色	KATE眼影粉質細潤又顯色~~推薦推薦	positive	
3054	[心得] 新化妝箱+我的美妝愛物	CINEMA SECRETS升推薦~~	positive	
125	[心得] 小桃氣的lafemme腮紅-fuchsia	你的失手是我平常的用量...XDDD	neutral	
1167	[心得] 開架蜜粉=便宜?!	不推薦不行阿！！ 好有幫助	positive	
4529	[心得] 雙頭刷具 懸空放!	"CVS的刷具就是有這種困擾~""~"	negative	
765	[心得] 防曬第二彈~不會黑之日妝係防曬	老實說安耐曬真的會曬很黑又不防水,跟我擦開架za黑的程度差不多,而且很奇妙的是明明就會曬黑,卻咬在身體上(P.S我也是補防曬補很兇,測試這兩款的時候我應該曬不超過兩個小時就黑了...安耐曬讓我覺得花得不值得!而且擦安耐曬曬黑的已經過了兩三個月還白不回來...	negative	
4097	[心得] 我的開架式眼彩盤們（KATE、INTEGRATE、media、Lavshuca）	推薦一個	positive	
915	[心得] 各種防曬品使用心得	"想要請問一下,倒在水杯中測試容不容易容解的實驗,就能測出防水度嗎?就掉了@ [email protected] ""我擦露得清spf50大罐的,也是很明顯下水後就有掉光的感覺..."	neutral	
4485	[心得] 搶救mac好乾的唇膏	"我覺得要用""沒那麼滋潤""的護唇膏打底就很好而且MAC的唇膏受歡迎在於1.色號超多2.質地有分別，Matte/Satin/Luster/Glaze等不同"	positive	
1344	[心得] Burberry 粉餅火熱開箱文	套子好看 阿媽味失望	negative	negative
2000	[心得] Lavshuca 2010春夏 戀色立體修容組&緋晶蜜潤唇膏 腮紅唇彩	"請問台北哪間有進?找了好多間都沒>""<"	neutral	
2094	[心得] 歐舒丹夏妝眼影+唇膏	那個深色擦到我眼皮上是靛色..台灣有進脣膏嗎?	neutral	
3398	[心得] Media新色腮紅，10色都摸到了！(終於)	我想看RS-2心得...天阿	positive	
2798	[心得] Revlon露華濃茶花美肌腮紅盒（瑩澤修容餅）	看到那張圖才想起我看過這卡通XD	neutral	
251	[心得] 今天的屈臣氏讓我殺很大！KATE新眼影上市啦！	不虧是頭兒!!不過我今天的是蜜妮卸妝乳!!!	negative	
3814	[心得] 妙巴黎果然美肌遮瑕膏 & Quealy 四色遮瑕膏	真的很想知道妙巴黎這款到底會不會長粉刺	negative	
2498	[心得] Maybelline四色眼影盤--自然煙薰--	只有我覺得原po很像曾寶儀嗎 好正!	neutral	
2365	[心得] INTEGRATE 容耀奇肌 礦物粧前霜	保濕要做好 不然會妝變乾 不浮貼 有陣子常用 還蠻修飾泛紅 用一陣子後發現臉變乾	negative	
3402	[心得] Media新色腮紅，10色都摸到了！(終於)	pk-3很密桃哦!10個全包是1790哦!!!	positive	
1404	[心得] M.A.C 妝前乳液~~~好用阿~推薦?	哇!!!感覺看起來好好喔!!!推薦一個	positive	
2626	[心得] 六種防曬分享	防水 其實還是以擦在手上or鏡子上 噴水看有沒有水珠 比較準喔...	neutral	
1455	[心得] 比88色更囂張，120色眼影盤試色！	好用心的文章！	positive	
1249	[心得] 開架蜜粉=便宜?!	我跟你一樣,上回用光了泰奧菲,去屈臣氏繞了一圈..換算了一下之後,什麼都沒買就離開了	negative	
1003	[心得] 蜜粉平均值	推薦推薦~很推薦大了	positive	
1405	[心得] M.A.C 妝前乳液~~~好用阿~推薦?	唷~真的滿漂亮的(妝和人XD	positive	
4121	[心得] 好評蜜粉進化版。CHACOTT 高解析保濕蜜粉	推薦1F.....XDDDDD	positive	
488	[心得] Paul&Joe敗家	漲價再也沒買過..覺有更好可代替	negative	
1207	[心得] 開架蜜粉=便宜?!	推薦！今天才知道專櫃蜜粉比開架便宜	positive	
932	[心得] 各種防曬品使用心得	謝謝分享!!好用心>///<	positive	
4079	[心得]我的裸妝重點整理	"不裸+1 ~""~"	neutral	
654	[心得] CHANEL 睫毛夾 (植村秀 & STILA & 資生堂睫毛夾)	我這個睫毛超塌人只有STILA睫毛夾能救我	positive	
2192	[心得] 我的睫毛這樣夾	推薦 明天馬上試 酷斃了XDDD	positive	
4120	[心得] 好評蜜粉進化版。CHACOTT 高解析保濕蜜粉	推薦樓上 我得抽屜還有 一個透明便當~	positive	
3081	[心得] 腮紅之我論--關於腮紅的博大精深	化妝最難的是腮紅+1	positive	
262	[心得] e.l.f. 141色大師彩妝盤+5折折價卷	推薦好用心!!	positive	
1965	[心得] 打敗我手中三支王牌睫毛膏的大創橡膠頭睫毛膏	軟式刷頭都不好用嗎?有人用過好用的嗎?	neutral	
3925	[心得] 第20屆世貿美容展Day2	跟舊情人的馬子糾合購聽起來就很酷XD	positive	
2307	[心得] Cinema Secrets粉底+五色盤 使用+比色照	好用心的分享文	positive	
3112	[心得] 深乾唇人多款護唇膏&唇蜜比較	花蕾膏就是護脣膏阿...	negative	
4675	[心得] 真的一見傾心~只有我這麼誇張嗎	這作文的程度...(汗)....	negative	neutral
4659	[心得] 我的省錢撇步：找到屬於自己的假睫毛!!	可是我覺得原PO分享的心得也推薦啊上面的版友都說想看圖了，原PO才再貼的啊	positive	
3073	[心得] 腮紅之我論--關於腮紅的博大精深	老師!!!!甲學生豈不就是我><	neutral	
4668	[心得] 真的一見傾心~只有我這麼誇張嗎	??	negative	
2171	[心得] 我的睫毛這樣夾	看起來好痛XD	positive	
3699	[心得] Costco ─ KIRKLAND by BORGHESE刷具組	最後一句超好笑XDDDDDDDDD	positive	
2645	[心得] SMASHBOX粉底液換貨服務	"這是一個很""現實""的情況，發生在忠孝SOGO，我在櫃上試新妝，剛好手機收到簡訊說到櫃上試妝可以送明星商品!!我當場把簡訊拿給櫃哥看，他反問我:你要買東西嗎??我回答:沒有，他就說贈品送完了!!!我才剛收到簡訊耶!!!所以....我就再也沒靠過櫃了"	neutral	
265	[心得] 卸妝大作戰之蜜妮vs斯儂恩篇	直接洗掉+1 而且我覺得一點也不乾耶口味有分喔? 忘了說我是用櫻花啦	neutral	
3947	[心得] cinema secrets刷具清潔液洗伸縮刷	第一顆是15，再來是17	neutral	
937	[心得] 我的植村秀化妝箱	看起來好重XDDDD 光是看我就腰痠起來了	negative	
3335	[心得] 絕版化妝品	RMK把表面括掉一部份看看可能是受潮戀愛魔鏡液狀腮紅我也有紅色 超少用的...可是因為想紀念 所以也沒售出或是送人原PO的AS腮紅粉撲該洗了XD	negative	
2738	[心得] 用水果上妝吧－Bourjois果然美肌粉底液	升火!!!請問出油後會暗沉嗎??我在想要買EL無暇親膚還是果然美肌.....OK~~謝謝原PO	neutral	positive
789	[心得] 33色不是唯一解-66色唇彩盤試色(二)	大推薦~~~真的畫到累了 越來越歪XD	positive	
796	[心得] 33色不是唯一解-66色唇彩盤試色(二)	波痞好推薦!!! :D	positive	
2982	[心得] 露華濃香草精華口紅(含ZA鮭魚嫩粉比較)	我去看的那間 35試用品不見了.明天找別間	neutral	
1749	[心得] 用刷的假睫毛 - Integrate 根根分揚睫毛膏	我也喜歡草泥馬>///<我被這支大推薦了...我也是塌睫毛人><	positive	
3217	[心得] KATE 潤色裸唇膏BE-1 (跟za鮭魚比較)	我覺得kate很推薦卻也很乾	positive	
4036	[心得] MAC立體漸層腮紅。2010春季限量。Blush Ombre	板橋遠百Azalea blossom也缺貨	negative	
1668	[心得] INTEGRATE 容耀奇肌 礦物粉餅	真的很黑...我買了之後有後悔到 我很白了	negative	
4069	[心得]我的裸妝重點整理	推薦認真的步驟分析 :)原波加油 ^^	positive	
3182	[心得]瀝乾刷具的簡單方法 (內有影片介紹)	推薦~好實用材料又好取得!	positive	
1299	[心得] 開架蜜粉=便宜?!	話說粉餅價格就真的差很多了	negative	
2571	[心得] 在大陸(北京)可以買到的台灣開架產品	我比較想知道那邊開架敢放試用品嗎@@	neutral	
2010	[心得] Lavshuca 2010春夏 戀色立體修容組&緋晶蜜潤唇膏 腮紅唇彩	40色，這是要逼死誰阿　XDDD	negative	
4175	[心得] 矮的台北後車站美材行之旅(2010版)	我也愛後站唷....	negative	
1901	[心得] 應徵歌劇魅影專櫃人員歷程	好文章 板上很缺這種彩妝面試應徵文呢	neutral	
1935	[心得] JILL STUART-幸福花嫁限量品分享	超美<婚>←這是什麼顯字?!	neutral	
250	[心得] 今天的屈臣氏讓我殺很大！KATE新眼影上市啦！	阿頭...請受我一拜....(跪)	negative	
550	[心得] Beautymaker時尚刷具七件組小開箱心得~	默默買了...	positive	positive
687	[心得] 中國大陸福建廈門&金門小三通彩妝採購	大陸女生比較不化妝的吧?	neutral	
2227	[心得] 我的睫毛這樣夾	你對睫毛真兇狠XD	neutral	
4043	[心得] MAC立體漸層腮紅。2010春季限量。Blush Ombre	已經買了 (舉手+得意貌)	negative	
3447	[心得] 當MJ遇上KISS ME 眼線液比一比	他是有2種喔~一種筆狀一種水滴狀最近加瑪還在特惠呢@@應該是還有才對喔^^咖啡色好像要筆狀才有，水滴狀就只有黑色	neutral	
2453	[心得] kameria 凱蜜菈 童顏水感 BB霜	原PO騙人 點不進去 囧	negative	
2914	[心得] benefit修眉吧初體驗   @鹿特丹sephora	這就是歐洲物價啊~	neutral	
2417	[心得] 屈臣氏聯名卡與MJ(戀愛魔鏡)	之前買2000送200.MJ不能拿來湊滿額也	negative	
2818	[心得] 口紅一吃就掉色?	那粉底液會沉墊嗎??	neutral	
2959	[心得] 露華濃香草精華口紅(含ZA鮭魚嫩粉比較)	它的包裝有一點像香奈兒的感覺.blush有點升到火~可以當平常上班護唇膏使用嗎？	neutral	positive
3764	[心得] NYX Eyeshadow Base 眼影下地	這款我有～我都把它當白色眼影用還蠻持久的...我都用眼影棒擦～用手指擦的話都不均會造成某部分特別亮....	negative	
1745	[心得] 用刷的假睫毛 - Integrate 根根分揚睫毛膏	推薦 邊看邊笑啊XDDD	positive	
2811	[心得] Revlon露華濃茶花美肌腮紅盒（瑩澤修容餅）	以前在屈臣氏賣的時候就叫瑩澤修容餅啊	neutral	
1268	[心得] 開架蜜粉=便宜?!	認真!!!好驚人~~感謝原PO~實用實用!!	positive	
1726	[心得] 用刷的假睫毛 - Integrate 根根分揚睫毛膏	有幾張圖看起來似乎真的有搭配假睫毛?	neutral	
2623	[心得] 六種防曬分享	好仔細!大推薦	positive	
690	[心得] 中國大陸福建廈門&金門小三通彩妝採購	台灣的化妝品真的比較便宜 不過也有可能是因為我去的是上海 屈臣氏好貴 在陸家嘴的百貨公司(完全想不起來名字)的專櫃也貴	neutral	
4211	[心得] 我的2009年度十大彩妝~超leg版~	是 佐拉 XDDDDDDDDDDDDDDDDDD	positive	
2813	[心得] 口紅一吃就掉色?	我幹過這種事耶，把粉底液塗在嘴上暗的心得是，非常恐怖，吃東西會吃到粉粉的感覺！後來再也不敢這樣做！雖然那樣確實比較不會掉妝，可是很可怕阿T_T 這是對的？	neutral	
659	[心得] JILL STUART 會員生日券相關說明	是王菲	neutral	
3464	[心得] 牙間刷的妙用-刷下睫毛	我是拿來梳開下睫毛耶~~~挺好用的	positive	
2955	[心得] 顛覆我印象的媚比琳摩天濃	"但是這一款超會暈>""<我每用必暈，已經被我隔離+封鎖了XD"	positive	
4591	[心得] 資生堂+skinfood粉底刷:遮瑕小心得	請問sf刷起來會刺刺的嗎@@? 謝謝~	neutral	
3246	[心得]資生堂心機長效立體光粉霜UV(粉條)快速心得	我記得是1350耶我問櫃姐乾肌適用嗎?她很誠實的說不適合	neutral	
3208	[心得] KATE 潤色裸唇膏BE-1 (跟za鮭魚比較)	"我是又乾又深 真不知該選擇哪一個？>""<"	neutral	
2191	[心得] 我的睫毛這樣夾	感謝分享!好想衝回家試試看><(上班ing	positive	
4667	[心得] 真的一見傾心~只有我這麼誇張嗎	到底在說什麼?	neutral	
414	[心得] 限量香奈兒SOHO DE CHANEL	小香跟新單曲都推薦!	positive	
4397	[心得] 令人懷念的FF絲絨光眼影	我手邊有三盒 本來還有粉紅色但賣掉了	neutral	
528	[心得] 燙睫毛 芭比娃娃燙	好想燙 台中有介紹嗎	neutral	
2139	[心得] 我的睫毛這樣夾	應該是因為往下夾 睫毛往下,夾的幅度反而更大原本往上夾 夾的幅度反而較小(沒有空間往上)	negative	
3294	"[心得] 山寨版""Brush Guard""-隔離網 (收納刷具)"	好棒~說不定BG的巧思就是從隔離網來的	positive	
4470	[心得] 睫毛膏大車拼	人氣不很對吧@@	neutral	
1924	[心得] 應徵歌劇魅影專櫃人員歷程	嗚啊 原來是男生	neutral	
3164	[心得] 用毛筆的筆捲晾乾刷具 v.s 橡皮筋 比較文	推薦 謝謝分享^^	positive	
2790	[心得] Revlon露華濃茶花美肌腮紅盒（瑩澤修容餅）	魔法小天使是巧克力甜甜那個嗎?我以前也有拿著鏡子喊過甜蜜甜蜜甜甜甜阿	neutral	
3261	[心得] 睫老闆尖尾6.10.11分享	我像要m起來 可已先請你把圖片連結放到文字版來嗎^^	neutral	
2410	[心得] 屈臣氏聯名卡與MJ(戀愛魔鏡)	請問購買mj產品可以用寵愛卡的紅利點數折抵嗎?	neutral	
4657	[心得] 我的省錢撇步：找到屬於自己的假睫毛!!	本來想要開燈,看見下面說沒圖就....T T	negative	
3766	[心得] 我的化妝包們~	生活工場的袋中袋是不是以前買的呀?我之前也想買~但似乎早已斷貨(店員說的)	neutral	
1269	[心得] 開架蜜粉=便宜?!	推薦~!!	positive	
334	[心得] Fasio 華麗晶燦眼影盒 Pk-3 試色小心得	我前幾天去小屈看到這個包裝覺得超美的>w<	positive	
3012	[心得] 9款專櫃睫毛膏心得分享	用心~~~  推薦～	positive	
618	[心得] 花王est Emotional Multiples Eyes 05	還好台灣沒賣+1 對這家保養和彩妝都有興趣	positive	
2551	[心得] 推薦nature kiss 天然潤色護唇膏	有升火到!! 請問有原PO擦起來的照片嗎@@?	neutral	
2424	[心得] DR.WU 舒緩遮瑕BB霜	啪啦你竟然連這裡都出沒了Orz	negative	
2244	[心得] 我的睫毛這樣夾	很驚人了 我也變超翹的耶!!	positive	
4180	[心得] 矮的台北後車站美材行之旅(2010版)	謝謝!你好用心唷!	positive	
2577	[心得] 在大陸(北京)可以買到的台灣開架產品	好不方便的感覺~~~台灣真好啊~~XDD	positive	
2901	[心得] Maybelline 快捷摩天濃防水睫毛膏	原PO騙人 點不進去 囧	neutral	
258	[心得] 今天的屈臣氏讓我殺很大！KATE新眼影上市啦！	好推薦大啊囧	positive	
1592	"[心得] 騙很大之年度眼妝""慘""品"	配上圖片真的好好笑 白頭翁真推薦XDD	positive	
2744	[心得] 用水果上妝吧－Bourjois果然美肌粉底液	"我也有買這款，我出油後不黯沉，但....我是乾肌人^^"""	positive	
1362	[心得] Burberry 粉餅火熱開箱文	好美麗呀！！	positive	
205	[心得] 今天的屈臣氏讓我殺很大！KATE新眼影上市啦！	GJ XD對了 屈臣氏開始週年慶了啊？	neutral	
1462	[心得] 比88色更囂張，120色眼影盤試色！	好認真	positive	
146	[心得] 99年美容乙級考試+麻豆心得	就試了不喜歡還硬要人家消費 意思一下行喔 業績有這麼好賺？	neutral	
3755	[心得] 我有整數控之LA FEMME腮紅30色試色心得分享(上)	您．．．您真內行	positive	neutral
141	[心得] 小桃氣的lafemme腮紅-fuchsia	妳怎麼那麼推薦!!	positive	
3891	[心得] ZA亮彩映色脣膏-4款顏色分享	好看！！	positive	
967	[心得] 大推「妙巴黎-果然美肌粉底液」	"好生火 對於要去乾燥地區的人來說實在太有吸引力了>""<結果剛剛素顏跑去試忍不住也買了 因為好有修片效果...囧 是燈光問題嗎 哈哈...另一半臉擦同牌另一款特價粉底液真的就比較會搓出脫皮...Orz"	neutral	positive
497	[心得] Paul&Joe敗家	10300元....原PO敗很大XD	positive	
2603	[心得] 夢幻逸品之Giorgio Armani漂染腮紅盒#2	文筆好+1 請原po和樓上不要再放我推薦了(小鹿亂撞)	positive	
3967	[心得] cinema secrets 好萊塢的秘密 晶透無瑕粉底五色盤	請問美容展現場可以試色嗎？啊 發現最後一段有寫 抱歉 重複問了	neutral	
1923	[心得] 應徵歌劇魅影專櫃人員歷程	比電視上師字輩的彩妝師好很多了!!	positive	
412	[心得] 限量香奈兒SOHO DE CHANEL	我也買了 好美麗	positive	
1368	[心得] 這是不專業的21樣大創彩妝心得文	飾底乳也害我下顎冒了一堆痘…現在雖然好了但是疤痕還在 看了心好痛…	negative	
1008	[心得] 蜜粉平均值	還差一個丸竹revlon是nars七倍價錢真是很搞笑了= =	neutral	
3654	[心得] 雪肌精極淬粉餅+雪肌精極淬潤色粧前乳	看照片我以為妳只上右臉耶	negative	
3667	[心得] 我的EXCEL產品使用紀錄	真的!!最近也在用EXCEL整理...真的是不能再買了ˊˋ	negative	
3250	[心得]資生堂心機長效立體光粉霜UV(粉條)快速心得	超乾 我是大油臉還是滿臉斑駁很可怕！	negative	
1137	[心得] 蜜粉平均值	推薦	positive	
2815	[心得] 口紅一吃就掉色?	我覺得能少上一層就少上一層耶  平平是會吃下去  只吃到唇妝應該比多吃到底妝安全一點???  我是習慣舔嘴唇的人 XD	neutral	
4209	[心得] 我的2009年度十大彩妝~超leg版~	好久沒看到妳發文了!!	positive	
4141	[心得] ZA輕透美肌光感粉底液-遮暇度高	想問控油度如何?可跟EL無暇比嗎?	neutral	
2860	[心得] 跟冰淇淋一樣香甜~Cold Stone 冰淇淋護唇膏!	好可愛~~不過餓的時候可以塗一下嗎?	neutral	
4257	[心得] 腮紅混粉底液的小技巧分享	真的很自然呢	neutral	
1317	[心得] 8枝睫毛膏PK戰 (KissMe.Integrate.MJ.媚比琳高跟鞋.Fasio..)	推薦仔細 不過mj的梳子狀還是有點苦手ˊˋ	positive	
3836	[心得] 睫毛夾小技巧	謝謝分享^^	positive	
1391	[心得] M.A.C 妝前乳液~~~好用阿~推薦?	我買了覺得還好，後來都冰起來了	negative	
3212	[心得] KATE 潤色裸唇膏BE-1 (跟za鮭魚比較)	對啊 應該是親身體驗 才會比較說哪個較乾	negative	
1598	"[心得] 騙很大之年度眼妝""慘""品"	真的有慘到~	positive	
683	[心得] NARS #DOUCEUR	拉鏈袋眼頰盤已經有了喔不過應該要說是唇頰盤才對:)	negative	
417	[心得] INTEGRATE彩虹甜心眼影盒#VI708	我也很心動~明天屈臣氏有85折~聯名卡又可9折~不知道是不是用340去折如果是就很划算(會不會想得太美?)所以我說自己想得太美了:P	neutral	
3632	[心得] DHC男性清爽防曬乳好控油	要卸妝嗎??  我也想買給懶男用 @@好想買好想買好想買 (握拳)	neutral	
508	[心得] 遲到的-我的絕版化妝品	PN的漸層腮紅曾經是我很想要的....Q__Q	positive	
1459	[心得] 比88色更囂張，120色眼影盤試色！	推薦一下 真的很認真:)	positive	
2096	[心得] 歐舒丹夏妝眼影+唇膏	印象中DM有拍到腮紅吧 還是那是修容餅XD	negative	
1703	[心得] 大滿意！Lavshuca 戀法迷棕眼彩盒。	QQ我只有買到RD-1，架上已經空了..我還想包OR-1跟BR-1	negative	
2034	[心得] 韓國觀察記--韓妹的妝容打扮	做作的粉紅色揪~竟是怎樣做作呢?  XD	neutral	
2907	[心得] Maybelline 快捷摩天濃防水睫毛膏	我度數比你還高，建議可買貝印的放大鏡試常弄到隱形眼鏡很危險喔我偶爾也會。貝印那種是吸在鏡子上的放大	neutral	
718	[心得] 33色不是唯一解-66色唇彩盤試色(最終)	一定要認真推薦的!!!!	positive	
1288	[心得] 開架蜜粉=便宜?!	"歌劇魅影蜜粉 週年慶也很便宜QQ"""	positive	
2099	[心得] 歐舒丹夏妝眼影+唇膏	原po化的很清秀很好看耶	positive	
1705	[心得] 大滿意！Lavshuca 戀法迷棕眼彩盒。	我也買了BR1整個很愛	positive	
3059	[心得] 腮紅之我論--關於腮紅的博大精深	請問瘦長臉要怎麼畫腮紅比較好呢 謝謝	neutral	
3432	[心得] orbis澄淨卸妝露 透妍防曬隔離霜(清爽)	給樓樓上~反正一罐才280(首購折100)不好用的話就送人或擦身體囉:)	negative	
2339	[心得] 不能沒有你！smashbox，純真小臉修容粉！	可帶的蛋XDDDDDDDD錯了  是推薦@@	positive	
4001	[心得] 類偏執狂的刷具們～（中）	打亮刷是灰鼠混羊毛阿,松鼠毛的硬度跟彈性怎麼會比羊毛高呢從毛峰跟形狀特色來比都不太可能,另外,打亮刷做成那樣的形狀是很正常的阿,它有它的功用性拿腮紅刷跟打亮刷來比不公平吧,訴求本來就不一樣,難道打亮你會要求很紮實的發色?就像拿秋冬粉底跟春夏的比較一樣,訴求不同的東西出發點就不同了,怎麼比質地比較硬的刷確實比較適合沾硬一點的瑕,不過這跟刷毛的長度跟毛質都有影響用刷子上遮瑕是能遮的比較漂亮沒錯	neutral	
3909	[心得] ZA亮彩映色脣膏-4款顏色分享	嘴型好美	positive	
1907	[心得] 應徵歌劇魅影專櫃人員歷程	推薦~	positive	
3150	[心得] 我的遮瑕血淚之路(Kevin/BB/MUF/canmake/大創/露華濃)	我也是推薦瑕膏狂 心機&KATE都推薦唷	positive	
409	[心得] 限量香奈兒SOHO DE CHANEL	看到眼睛的馬賽克我笑出來了....囧	negative	
2568	[心得] 香奈兒超炫耀修護唇釉小試色及基本唇部打底分享	正紅色好推薦喔!!!!!!:D	positive	
3769	[心得] 我的化妝包們~	樓上的是...XD(待會來確認)慘的就是我還不能畢業啊:><:應該還要好一陣子orz生活工場的袋中袋確實買了好一陣子囉^^a	positive	
4239	[心得] 沖繩藥妝採買行	14出美國 無消息+1	positive	
2293	[心得] 男性修眉分享!不讓女生專美於前!	大創有藍色的 3支39	positive	
1066	[心得] 蜜粉平均值	敏感話題...那到底是什麼粉	neutral	
974	[心得] 大推「妙巴黎-果然美肌粉底液」	我覺得不很適合混合肌因為t字大概中午就會有點浮粉了我有改成馬卡龍上妝，但多少也浮粉	negative	
3259	[心得]資生堂心機長效立體光粉霜UV(粉條)快速心得	原本鎖定這條的...看到現在大失望><我也是夏天出油到不行...現在真不知道要買什麼來推薦我的毛孔阿 [email protected] @	positive	
137	[心得] 小桃氣的lafemme腮紅-fuchsia	每次看你都覺得很像米可白^^	positive	
475	[心得] 高中女孩化妝包簡易版彩妝品	化妝包掉了真的是蠻衰的一件事情..Q__Q應該是僅次於皮夾吧....	negative	
2739	[心得] 用水果上妝吧－Bourjois果然美肌粉底液	比美容覺主好用很多嗎	neutral	
3689	[心得] Costco ─ KIRKLAND by BORGHESE刷具組	"""心花怒放的歐巴桑""模樣  請聯想花媽 XD"	positive	
3793	[心得] Solone 眼線膠筆。終於買到金鑽黑了...	6福一百????我要去買咖啡色!!!	neutral	
1956	[心得] 滅火---（彩妝品）	我都有保存盒子 XD (想讓盒子一直很新)	positive	
1619	[心得] 【LUNASOL】波光浄化 眼影腮紅全試色	臺灣的KANEBO好像LUNASOL都不會拖太久好像也有過同步的？twinkleheart:  05的深色是炭黑色喔!lovekawasaki: 02偏暖，04看眼妝配色...04冷色暖色都有，依配色會有不同:)bena:我覺得它就一般耶，不會特別淺，但離眼線膠那種深色還有一些差距~回樓上，是les calendriers~	neutral	
2364	[心得] INTEGRATE 容耀奇肌 礦物粧前霜	不是上它會脫皮,是你本來就脫皮了,上了它,只是讓你的脫皮現形而已~	negative	
1159	[心得] 開架蜜粉=便宜?!	樓上要不要考慮找朋友一起買呢？	neutral	
2946	[心得] 顛覆我印象的媚比琳摩天濃	下眼皮黑黑 的是暈開嗎?還是刷到@@	neutral	
570	[心得] Fasio 2010秋冬彩妝 華麗晶璨眼彩盒、甜心貓眼睫線棒	小屈上了喔，我上禮拜六就摸過了	negative	
4282	[心得] 看youtube達人必備單字集	"我有問題...那如果想要表達「我對專業彩妝有興趣」 ""專業彩妝""該用什麼英文詞彙比較恰當？ 謝謝解答^^got it! thx a lot!"	neutral	
2349	[心得] Giorgio Armani 隱形美肌妝前乳	樓上+1 我同學用粉底液看起來妝感美她皮膚很好(我忘記哪一款)但她給我試用品我用起來整個就????怎麼了	neutral	
1294	[心得] 開架蜜粉=便宜?!	其實眼影也有這樣的狀況 不過大部分人都不容易用完眼影 所以就比較沒影響 但以重量來算的話 開架眼影其實蠻貴的XD	positive	
2749	[心得] 用水果上妝吧－Bourjois果然美肌粉底液	我很油~比較推薦EL無暇~這款很自然但對我來說卻不很持久@@ EL量不要上很多也可很自然~	positive	
767	[心得] 防曬第二彈~不會黑之日妝係防曬	我去澎湖玩三天 用安耐曬金+銀 想到的時候補一下(大概三小時吧) 雖然有穿外套 可是露在外面的部份也沒黑耶中間有去玩水(當然不能穿外套了)下水前有再補擦金蓋  沒有曬黑說...	negative	
523	[心得] 遲到的-我的絕版化妝品	VISEE雙頭眼線筆真的非常好用~用到剩一點點超後悔沒囤貨~買其他的都沒那麼喜愛Q_Q	positive	
2817	[心得] 口紅一吃就掉色?	那粉底液會吃進去嗎	neutral	
3565	[心得] MAC 2010母親節＋不脫妝系列大試色	推薦，但想看試在眼睛上的樣子耶	positive	
1920	[心得] 應徵歌劇魅影專櫃人員歷程	我也覺得不要化很久比較好 客人不見得有時間^^ 不過有些櫃姐會問是否有足夠的時間:)	negative	
968	[心得] 大推「妙巴黎-果然美肌粉底液」	如果是乾肌可是會出油的適合用這個嗎?	neutral	
191	[心得] KATE 謎幻雙色眼影盤等眼影唇彩新色全試色	原po好認真 : D	positive	
540	[心得] Beautymaker時尚刷具七件組小開箱心得~	寫的很詳細呢!!~推推~	neutral	
1418	[心得] Integrate立體三色眉粉盒 BR-631	我用這盒兩年就用了三盒了吧@@ 淺色很容易見鐵片君 可能跟我先沾後弄到衛生紙鬆粉再暈染到眉頭有關 其他兩格都用沒完..	negative	
4689	[心得] 真的一見傾心~只有我這麼誇張嗎	板友已經幫妳指出錯誤了 大E修文	negative	
2376	[心得] CINEMA SECRETS晶透長效無瑕粉底	"非台北有地方可以試嗎>""<謝謝…我就是看代理商只有台北櫃點精華區也這樣寫～想說直接問看看有沒有新資訊，看來沒有T____T"	neutral	
4014	[心得] MAC立體漸層腮紅。2010春季限量。Blush Ombre	妳好快^口^期待看到更多篇Azalea那顆的試色妝容心得有買的版友快來升我推薦~~~雪姬and sweetmoomin版友~~(推薦)LA FEMME要有兩三色才會像吧	positive	
3508	[心得] 好遮色! KATE 潤色裸唇膏 #BE-1	我也是紅唇人，感覺臉色超差(看不習慣)而且臉會變比較黯淡喔	negative	
4307	[心得] 看youtube達人必備單字集	推薦!!!	positive	
489	[心得] Paul&Joe敗家	"指甲油好美，不過可以買好幾罐paste>""<"	positive	
1095	[心得] 蜜粉平均值	很驚人啦  大家可以提供沒列上去的品項smashbox 保濕抗皺蜜粉 21g 2200  104.8倩碧     肌本透白蜜粉 20g 1300   65	positive	
192	[心得] KATE 謎幻雙色眼影盤等眼影唇彩新色全試色	KAELA小姐把瑛很帶回家很推薦+1	positive	
2714	[心得] 唇蜜救星！MAC隔離潤色護唇膏SPF20	佐拉加油	positive	neutral
1697	[心得] 大滿意！Lavshuca 戀法迷棕眼彩盒。	週末時用RD-1 大概10小時幾乎都沒飛粉	negative	
3125	[心得] 我的遮瑕血淚之路(Kevin/BB/MUF/canmake/大創/露華濃)	推CS+100　MUF的五色比較油+乾唷我有歌劇魅影五色.MUF五色和CS五色最適合遮黑眼圈的還是CS了~!不過一般人沒必要買五色盤吧?去試試看,然後買一兩個顏色就夠了哈哈哈我剛寫了我用過的盤組比較(點火然後跑走)	neutral	
1230	[心得] 開架蜜粉=便宜?!	囧 我囧了...	negative	
3350	[心得] 迪士尼公主*//美女與野獸*//貝兒仿妝	偷偷問原PO的假睫毛是哪一牌的? 型號是?原PO真的好漂亮喔 >//<	neutral	
473	[心得] 高中女孩化妝包簡易版彩妝品	cz不是Lena代言的喔	negative	
3577	[心得] 美翻 ♥ MAC 春♪ 立體漸層腮紅 #AZALEA BLOSSOM 	推薦 謝謝分享^^	positive	
1442	[心得] 比88色更囂張，120色眼影盤試色！	好推薦大!! 真是專業的推薦文	positive	
3297	"[心得] 山寨版""Brush Guard""-隔離網 (收納刷具)"	"回樓上,我是在電子街的""欣洋電子材料行""買的"	positive	
3274	"[心得] 山寨版""Brush Guard""-隔離網 (收納刷具)"	整個很推薦...= =+我也要買!!!忍不住要跟原po說~>///<推薦你的(咦)	positive	
4444	[心得] 睫毛膏大車拼	最後一支 應該就是台灣出的貓眼吧?!刷頭一樣的~~	neutral	
4071	[心得]我的裸妝重點整理	恩...因為想推薦調輪廓所以修容有點重!!我會再繼續努力!!下次我會拍多一點照片的!195化妝的確頗辛苦!XD腰快斷的fu妝前乳跟隔離霜還是有效果別喔!我美容展3/7號美容展當天下午我會再那邊參加比賽~有時間可以來看看囉!我會努力!	positive	
3824	[心得] 睫毛夾小技巧	請問睫毛夾是哪個牌子的?	neutral	
4095	[心得] 我的開架式眼彩盤們（KATE、INTEGRATE、media、Lavshuca）	天然呆真的超好笑XD	positive	
4072	[心得]我的裸妝重點整理	隔離霜的功用那段.....只同意防曬	negative	
4443	[心得] 睫毛膏大車拼	"為什麼kate那隻的跟fasio那隻的睫毛側面照片是一樣的???0.0"""""	neutral	
2651	[心得] 雙面雙眼皮貼-進階版:P	效果蠻自然的呢~ :D	neutral	
2065	[心得] 韓國觀察記--韓妹的妝容打扮	這篇好好看喔!!!看完超想去韓國XD	positive	
689	[心得] 中國大陸福建廈門&金門小三通彩妝採購	其實我覺得台灣買彩妝本來就比大陸方便不只是福建，大陸其他地方也不會比較好買	negative	
4206	[心得] 我的2009年度十大彩妝~超leg版~	leg!!!!  log!!!!!!!!(被打)	neutral	
957	[心得] 5個非買Nars Douceur腮紅不可的原因!!!!!	顏色蠻歐美的  篇成熟   不是我的菜~沒推薦到	positive	
4136	[心得] CX溫和即淨卸妝水&美童肌四合一保濕潔膚水	美童那隻的卸妝水真的無酒精，標示有誤，他是用玉米鬚替代酒精，因為職業關係，有聽過課，之後酒精成分會去掉*之後酒精會從成分標示去除	neutral	neutral
1348	[心得] Burberry 粉餅火熱開箱文	外包裝很美耶!!	positive	
2462	[心得] 露華濃冰淇淋粉霜	不過剛開始還滿難用的，抓不準要擦多少擦很多會看起來妝很濃 (話說台北車站有試用)	negative	
843	[心得] 33色不是唯一解-66色唇彩盤試色!!	推薦認真跟用心 感謝分享	positive	
2338	[心得] 不能沒有你！smashbox，純真小臉修容粉！	用蛋也很KUSO了吧XDDDD   去哪買呀	positive	
662	[心得] JILL STUART 會員生日券相關說明	對啊，其實券不難用，買個組合也花掉了..	negative	
1617	[心得] 【LUNASOL】波光浄化 眼影腮紅全試色	請問05最深色是黑的嗎 還是深藍色??如果是深藍我就買!XD	neutral	
760	[心得] 防曬第二彈~不會黑之日妝係防曬	"咦?難道台灣和日本的安耐曬真的有差嗎??我也是防曬控..但讓我一買再買的只有安耐曬..不過我都是去日本玩的時候會屯個幾罐我算是蠻白的..雖然大多數的時間我都還會但真的去玩水的時候還是只能靠防曬..我去澎湖..普吉島還有八仙都是靠它..但身上連衣服的印子都沒出現過耶!!穿外套(補第四句沒講完的^^"")"	neutral	
3897	[心得] ZA亮彩映色脣膏-4款顏色分享	PK-1跟OR超好看的推薦OK-3也很推薦!!	positive	
